46,62,75,28,6,-3,92,-63,-23,18,-19,5,104,-92,-150,-103,-147,1
46,62,75,28,6,-3,94,-64,-21,18,-18,-14,104,-90,-149,-104,-145,1
46,62,75,28,6,-1,97,-61,-12,20,-15,-13,104,-90,-151,-104,-144,1
46,62,75,28,6,-2,96,-57,-15,21,-16,-13,104,-89,-153,-103,-142,1
46,62,75,28,6,-1,96,-61,-13,20,-15,-13,104,-89,-153,-104,-143,1
46,62,75,28,6,-2,95,-62,-14,19,-16,-13,104,-89,-153,-104,-142,1
46,62,75,28,6,1,100,-62,-10,22,-12,-13,104,-90,-151,-104,-143,1
46,62,75,28,6,-1,97,-63,-13,20,-15,-12,104,-88,-151,-104,-142,1
46,62,75,28,6,-1,98,-63,-14,19,-17,-13,104,-90,-152,-103,-144,1
46,62,75,28,6,0,98,-61,-11,22,-13,-13,104,-90,-151,-104,-144,1
46,62,75,28,6,-1,95,-60,-13,19,-17,-13,105,-89,-150,-104,-144,1
46,62,75,28,6,3,100,-59,-10,22,-13,-13,104,-90,-150,-103,-144,1
46,62,75,28,6,0,96,-61,-14,20,-15,-12,105,-88,-149,-104,-145,1
46,62,75,28,6,0,97,-61,-14,20,-17,-13,104,-90,-149,-104,-146,1
46,62,75,28,6,0,97,-60,-13,21,-14,-12,105,-89,-149,-104,-145,1
46,62,75,28,6,-1,96,-61,-13,19,-17,-13,104,-89,-149,-106,-145,1
46,62,75,28,6,2,99,-60,-10,22,-12,-13,104,-90,-150,-103,-145,1
46,62,75,28,6,0,96,-62,-14,20,-15,-12,105,-89,-150,-104,-144,1
46,62,75,28,6,0,97,-61,-14,19,-16,-13,105,-89,-148,-102,-146,1
46,62,75,28,6,0,98,-63,-12,21,-13,-13,104,-89,-148,-105,-146,1
46,62,75,28,6,-1,95,-62,-15,19,-17,-13,104,-89,-144,-105,-143,1
46,62,75,28,6,1,99,-62,-11,22,-13,-14,104,-90,-146,-106,-145,1
46,62,75,28,6,-3,96,-62,-14,20,-16,-12,105,-88,-154,-108,-138,1
46,62,75,28,6,-1,97,-62,-14,19,-17,-13,105,-90,-146,-109,-139,1
46,62,75,28,6,1,97,-61,-11,21,-14,-13,104,-90,-148,-112,-142,1
46,62,75,28,6,-3,96,-63,-16,19,-17,-13,104,-90,-155,-101,-141,1
46,62,75,28,6,3,100,-61,-8,23,-12,-13,104,-90,-157,-97,-142,1
46,62,75,28,6,-4,95,-63,-15,19,-17,-13,105,-89,-169,-96,-143,1
46,62,75,28,6,1,100,-63,-10,22,-13,-14,104,-91,-177,-99,-133,1
46,62,75,28,6,0,96,-64,-13,20,-16,-13,105,-88,-189,-104,-141,1
46,62,75,28,6,0,100,-63,-10,21,-14,-14,103,-90,-193,-95,-139,1
46,62,75,28,6,-3,98,-66,-14,20,-16,-13,104,-88,-196,-96,-134,1
46,62,75,28,6,-1,100,-65,-12,19,-16,-13,104,-90,-197,-97,-139,1
46,62,75,28,6,-3,99,-67,-13,20,-15,-12,105,-88,-197,-96,-134,1
46,62,75,28,6,-4,100,-67,-14,19,-17,-13,105,-90,-200,-99,-133,1
46,62,75,28,6,-3,98,-65,-13,20,-14,-12,105,-89,-182,-105,-135,1
46,62,75,28,6,0,96,-65,-14,20,-17,-13,104,-89,-165,-100,-145,1
46,62,75,28,6,0,99,-63,-11,22,-13,-13,104,-90,-168,-90,-140,1
46,62,75,28,6,-5,96,-65,-15,18,-17,-13,104,-89,-176,-98,-137,1
46,62,75,28,6,1,100,-61,-9,22,-12,-13,104,-90,-151,-105,-137,1
46,62,75,28,6,-1,96,-64,-13,20,-16,-12,105,-89,-151,-111,-142,1
46,62,75,28,6,-1,100,-65,-12,20,-14,-14,104,-90,-156,-103,-140,1
46,62,75,28,6,-2,99,-66,-13,20,-15,-12,105,-88,-155,-103,-140,1
46,62,75,28,6,-4,97,-66,-15,19,-17,-13,104,-89,-152,-104,-141,1
46,62,75,28,6,-1,101,-65,-9,22,-12,-14,104,-91,-160,-103,-142,1
46,62,75,28,6,-3,98,-68,-14,19,-17,-12,104,-88,-157,-102,-141,1
46,62,75,28,6,-1,100,-66,-12,20,-14,-14,104,-91,-156,-102,-143,1
46,62,75,28,6,-1,98,-66,-12,20,-14,-12,104,-88,-153,-100,-144,1
46,62,75,28,6,-3,99,-67,-15,18,-17,-13,104,-90,-157,-101,-145,1
46,62,75,28,6,0,102,-65,-8,22,-12,-13,104,-90,-155,-101,-146,1
46,62,75,28,6,-3,98,-65,-15,19,-17,-13,105,-89,-159,-101,-147,1
46,62,75,28,6,2,100,-63,-9,22,-13,-13,104,-90,-150,-102,-147,1
46,62,75,28,6,-3,98,-64,-14,20,-15,-12,104,-88,-155,-99,-146,1
46,62,75,28,6,-2,98,-64,-14,18,-17,-13,104,-90,-155,-100,-146,1
46,62,75,28,6,-1,98,-64,-11,21,-13,-13,104,-90,-155,-101,-148,1
46,62,75,28,6,-3,96,-64,-15,19,-17,-13,104,-89,-155,-99,-145,1
46,62,75,28,6,1,100,-63,-9,22,-12,-13,104,-91,-156,-100,-147,1
46,62,75,28,6,-2,96,-64,-14,19,-17,-12,104,-88,-159,-100,-147,1
46,62,75,28,6,0,98,-62,-12,20,-15,-13,104,-90,-154,-99,-146,1
46,62,75,28,6,-2,98,-63,-12,21,-15,-12,105,-88,-160,-102,-151,1
46,62,75,28,6,-3,97,-64,-15,19,-16,-13,104,-90,-155,-99,-147,1
46,62,75,28,6,-2,99,-64,-11,21,-13,-13,104,-90,-156,-100,-148,1
46,62,75,28,6,-3,97,-65,-15,19,-17,-13,104,-90,-156,-99,-149,1
46,62,75,28,6,0,101,-65,-9,22,-12,-13,104,-90,-156,-100,-149,1
46,62,75,28,6,-3,97,-66,-14,19,-16,-13,104,-88,-156,-98,-147,1
46,62,75,28,6,1,101,-64,-10,22,-12,-14,104,-90,-156,-99,-148,1
46,62,75,28,6,-3,97,-66,-14,20,-16,-12,104,-88,-157,-99,-148,1
46,62,75,28,6,0,101,-66,-10,21,-14,-14,104,-91,-157,-99,-149,1
46,62,75,28,6,-3,97,-68,-13,20,-16,-12,104,-87,-155,-98,-148,1
46,62,75,28,6,0,101,-70,-12,20,-15,-14,103,-90,-156,-100,-150,1
46,62,75,28,6,-2,100,-70,-13,19,-16,-12,104,-88,-155,-98,-150,1
46,62,75,28,6,-2,102,-73,-13,19,-17,-13,104,-90,-158,-99,-150,1
46,62,75,28,6,-4,103,-78,-14,20,-15,-11,104,-89,-161,-98,-149,1
46,62,75,28,6,-4,101,-74,-15,17,-17,-13,104,-90,-160,-98,-149,1
46,62,75,28,6,-3,101,-73,-13,20,-15,-12,105,-89,-158,-98,-147,1
46,62,75,28,6,-3,100,-72,-15,19,-17,-13,104,-90,-159,-100,-150,1
46,62,75,28,6,-2,102,-69,-11,21,-13,-13,104,-90,-155,-100,-149,1
46,62,75,28,6,-4,98,-69,-14,18,-17,-13,104,-90,-157,-99,-146,1
46,62,75,28,6,1,102,-69,-9,22,-12,-13,104,-91,-153,-101,-146,1
46,62,75,28,6,-3,99,-72,-14,18,-16,-12,104,-88,-155,-102,-149,1
46,62,75,28,6,-1,100,-69,-11,20,-15,-14,104,-91,-154,-99,-145,1
46,62,75,28,6,-2,99,-69,-13,21,-15,-12,105,-88,-154,-101,-147,1
46,62,75,28,6,-3,99,-69,-15,19,-17,-13,104,-90,-155,-101,-148,1
46,62,75,28,6,-2,101,-68,-10,22,-13,-13,104,-91,-154,-100,-147,1
46,62,75,28,6,-4,99,-69,-14,19,-16,-13,104,-89,-156,-101,-146,1
46,62,75,28,6,0,102,-67,-10,21,-13,-13,104,-91,-156,-101,-147,1
46,62,75,28,6,-3,98,-68,-13,19,-16,-12,105,-89,-155,-99,-145,1
46,62,75,28,6,-2,99,-66,-14,19,-17,-13,105,-90,-157,-99,-147,1
46,62,75,28,6,-2,99,-67,-13,20,-14,-13,104,-89,-156,-100,-147,1
46,62,75,28,6,-3,97,-66,-14,19,-17,-13,104,-90,-156,-100,-146,1
46,62,75,28,6,0,101,-65,-10,22,-13,-14,104,-90,-156,-100,-147,1
46,62,75,28,6,-3,98,-67,-14,19,-16,-12,105,-88,-156,-99,-146,1
46,62,75,28,6,0,100,-65,-12,20,-14,-13,104,-91,-157,-100,-148,1
46,62,75,28,6,-3,98,-65,-14,20,-16,-12,105,-88,-158,-99,-146,1
46,62,75,28,6,-1,99,-65,-13,19,-15,-13,104,-90,-157,-100,-147,1
46,62,75,28,6,-2,98,-65,-13,20,-15,-12,104,-89,-156,-99,-147,1
46,62,75,28,6,-3,98,-65,-14,18,-17,-13,104,-91,-157,-99,-147,1
46,62,75,28,6,-2,98,-65,-12,21,-14,-13,104,-89,-157,-99,-148,1
46,62,75,28,6,-4,97,-65,-15,18,-17,-13,104,-90,-157,-99,-148,1
46,62,75,28,6,-1,99,-64,-11,22,-13,-13,104,-90,-158,-99,-148,1
46,62,75,28,6,-3,97,-65,-15,19,-17,-13,104,-90,-157,-99,-147,1
46,62,75,28,6,0,101,-64,-10,22,-12,-13,104,-90,-157,-99,-147,1
46,62,75,28,6,-4,97,-66,-15,19,-16,-13,104,-90,-157,-99,-147,1
46,62,75,28,6,0,101,-65,-10,22,-12,-13,104,-90,-157,-99,-148,1
46,62,75,28,6,-3,98,-67,-14,19,-17,-12,104,-88,-157,-99,-146,1
46,62,75,28,6,0,101,-65,-10,22,-13,-14,104,-91,-157,-99,-148,1
46,62,75,28,6,-3,99,-67,-14,19,-16,-12,105,-88,-157,-99,-147,1
46,62,75,28,6,-1,100,-66,-12,20,-16,-14,104,-90,-157,-99,-148,1
46,62,75,28,6,-3,98,-66,-13,19,-15,-12,104,-89,-157,-99,-148,1
46,62,75,28,6,-2,98,-67,-14,18,-17,-13,104,-90,-157,-99,-148,1
46,62,75,28,6,-2,98,-65,-12,20,-14,-12,104,-89,-157,-99,-147,1
46,62,75,28,6,-3,97,-66,-15,18,-17,-13,104,-90,-157,-99,-148,1
46,62,75,28,6,-2,100,-66,-12,21,-13,-12,104,-90,-157,-99,-148,1
46,62,75,28,6,-4,98,-66,-15,18,-17,-13,104,-90,-157,-99,-147,1
46,62,75,28,6,0,100,-64,-10,21,-12,-13,104,-91,-156,-99,-149,1
46,62,75,28,6,-3,97,-65,-15,18,-17,-13,104,-90,-157,-99,-147,1
46,62,75,28,6,0,101,-64,-10,22,-12,-14,104,-91,-156,-99,-148,1
46,62,75,28,6,-3,97,-66,-15,19,-17,-13,104,-90,-158,-99,-148,1
46,62,75,28,6,0,101,-64,-10,21,-12,-14,104,-91,-157,-100,-149,1
46,62,75,28,6,-3,97,-66,-14,19,-17,-12,105,-89,-157,-99,-147,1
46,62,75,28,6,0,101,-64,-10,21,-14,-14,104,-91,-156,-99,-148,1
46,62,75,28,6,-3,97,-65,-14,19,-16,-12,104,-88,-157,-99,-147,1
46,62,75,28,6,0,100,-63,-11,20,-14,-14,104,-91,-157,-99,-148,1
46,62,75,28,6,-3,97,-65,-14,19,-16,-12,105,-88,-157,-99,-147,1
46,62,75,28,6,-1,100,-63,-12,19,-15,-14,104,-90,-155,-99,-148,1
46,62,75,28,6,-2,98,-63,-14,19,-15,-13,104,-90,-155,-101,-148,1
46,62,75,28,6,-4,96,-65,-15,19,-17,-13,105,-90,-156,-101,-148,1
46,62,75,28,6,-1,100,-61,-11,22,-12,-13,104,-91,-150,-101,-148,1
46,62,75,28,6,-3,96,-63,-15,18,-16,-13,104,-89,-152,-101,-148,1
46,62,75,28,6,-1,100,-62,-11,20,-14,-14,104,-90,-152,-102,-150,1
46,62,75,28,6,-3,98,-63,-14,20,-15,-12,105,-89,-152,-101,-149,1
46,62,75,28,6,-4,96,-64,-15,18,-17,-13,104,-91,-151,-102,-148,1
46,62,75,28,6,-1,99,-62,-11,21,-13,-14,104,-90,-151,-102,-150,1
46,62,75,28,6,-3,96,-63,-15,19,-17,-13,104,-89,-152,-101,-149,1
46,62,75,28,6,0,100,-61,-11,21,-13,-14,104,-91,-151,-101,-149,1
46,62,75,28,6,-3,97,-63,-14,19,-15,-13,104,-89,-151,-100,-149,1
46,62,75,28,6,-3,96,-63,-15,17,-17,-13,104,-90,-153,-101,-148,1
46,62,75,28,6,-1,98,-62,-12,21,-13,-14,104,-90,-154,-101,-150,1
46,62,75,28,6,-4,96,-64,-15,19,-16,-13,104,-89,-154,-101,-146,1
46,62,75,28,6,-1,100,-62,-11,21,-13,-14,104,-91,-152,-103,-149,1
46,62,75,28,6,-3,97,-64,-14,19,-16,-12,105,-88,-149,-102,-148,1
46,62,75,28,6,-2,98,-66,-14,19,-17,-14,104,-90,-152,-102,-150,1
46,62,75,28,6,-2,99,-66,-12,21,-13,-13,104,-91,-149,-101,-148,1
46,62,75,28,6,-4,97,-67,-15,18,-17,-13,104,-89,-151,-102,-148,1
46,62,75,28,6,-1,102,-67,-10,22,-13,-14,104,-91,-154,-102,-148,1
46,62,75,28,6,-5,99,-69,-15,19,-16,-12,105,-88,-156,-101,-146,1
46,62,75,28,6,-2,100,-68,-13,19,-16,-14,104,-90,-155,-100,-147,1
46,62,75,28,6,-3,99,-66,-13,20,-14,-13,104,-90,-157,-99,-148,1
46,62,75,28,6,-4,98,-68,-15,19,-17,-14,104,-90,-158,-99,-146,1
46,62,75,28,6,-2,100,-67,-12,22,-13,-13,104,-91,-159,-99,-146,1
46,62,75,28,6,-4,98,-67,-16,19,-17,-14,104,-90,-160,-99,-146,1
46,62,75,28,6,-2,101,-67,-10,22,-13,-13,104,-91,-159,-99,-146,1
46,62,75,28,6,-4,97,-66,-15,18,-17,-13,104,-90,-159,-98,-145,1
46,62,75,28,6,-1,100,-65,-10,22,-13,-14,104,-91,-159,-99,-147,1
46,62,75,28,6,-5,98,-69,-15,19,-17,-13,104,-89,-158,-98,-146,1
46,62,75,28,6,0,101,-66,-10,21,-13,-13,103,-91,-159,-100,-148,1
46,62,75,28,6,-4,99,-68,-14,19,-17,-12,105,-88,-157,-99,-146,1
46,62,75,28,6,-1,102,-68,-10,22,-14,-13,104,-91,-158,-99,-147,1
46,62,75,28,6,-4,99,-70,-14,19,-16,-12,105,-88,-158,-99,-146,1
46,62,75,28,6,-2,101,-67,-12,20,-15,-14,104,-91,-158,-99,-145,1
46,62,75,28,6,-3,100,-68,-13,21,-15,-13,104,-89,-159,-100,-146,1
46,62,75,28,6,-3,99,-68,-14,18,-17,-14,104,-90,-158,-99,-146,1
46,62,75,28,6,-3,99,-68,-12,20,-15,-13,104,-89,-157,-99,-146,1
46,62,75,28,6,-4,98,-69,-15,19,-17,-13,104,-90,-158,-99,-147,1
46,62,75,28,6,-3,100,-67,-12,21,-13,-13,104,-89,-158,-100,-147,1
46,62,75,28,6,-4,98,-67,-15,18,-17,-13,104,-90,-158,-99,-146,1
46,62,75,28,6,-2,100,-67,-10,22,-12,-13,104,-91,-159,-100,-147,1
46,62,75,28,6,-4,98,-68,-15,19,-17,-13,104,-90,-156,-99,-145,1
46,62,75,28,6,0,102,-66,-10,22,-12,-14,104,-91,-160,-100,-149,1
46,62,75,28,6,-4,98,-68,-15,19,-16,-13,104,-89,-156,-98,-146,1
46,62,75,28,6,0,101,-66,-9,22,-12,-14,104,-91,-157,-100,-148,1
46,62,75,28,6,-4,98,-67,-15,19,-16,-12,104,-88,-160,-98,-145,1
46,62,75,28,6,0,101,-66,-10,22,-13,-13,104,-91,-157,-99,-146,1
46,62,75,28,6,-3,97,-66,-14,20,-16,-12,104,-89,-159,-98,-146,1
46,62,75,28,6,-1,100,-65,-11,21,-15,-14,104,-90,-159,-98,-147,1
46,62,75,28,6,-3,98,-65,-13,20,-15,-12,104,-88,-158,-99,-147,1
46,62,75,28,6,-1,100,-65,-12,20,-15,-13,104,-91,-159,-99,-147,1
46,62,75,28,6,-3,98,-66,-14,19,-15,-12,104,-88,-158,-98,-146,1
46,62,75,28,6,-2,99,-64,-13,20,-16,-14,104,-91,-158,-99,-147,1
46,62,75,28,6,-3,98,-65,-14,20,-15,-12,105,-89,-159,-99,-146,1
46,62,75,28,6,-2,98,-64,-14,19,-17,-13,104,-91,-159,-99,-147,1
46,62,75,28,6,-3,98,-66,-13,20,-16,-12,105,-89,-159,-99,-147,1
46,62,75,28,6,-2,98,-65,-14,19,-17,-14,104,-91,-158,-98,-147,1
46,62,75,28,6,-3,99,-66,-13,20,-14,-12,104,-89,-157,-100,-147,1
46,62,75,28,6,-4,97,-67,-15,18,-17,-13,104,-91,-157,-99,-147,1
46,62,75,28,6,-3,99,-66,-13,20,-14,-13,104,-90,-157,-99,-147,1
46,62,75,28,6,-4,98,-68,-14,19,-18,-14,104,-90,-157,-99,-147,1
46,62,75,28,6,-3,99,-66,-12,22,-14,-13,104,-90,-158,-99,-148,1
46,62,75,28,6,-5,97,-67,-14,18,-17,-13,104,-90,-159,-99,-147,1
46,62,75,28,6,-2,100,-66,-11,21,-13,-13,104,-90,-156,-100,-147,1
46,62,75,28,6,-5,98,-68,-15,19,-17,-13,104,-90,-159,-99,-146,1
46,62,75,28,6,-1,101,-66,-10,22,-12,-14,104,-90,-157,-99,-147,1
46,62,75,28,6,-4,98,-67,-15,19,-17,-13,105,-89,-157,-99,-147,1
46,62,75,28,6,-1,102,-65,-10,22,-12,-14,104,-91,-158,-100,-148,1
46,62,75,28,6,-4,98,-68,-15,19,-17,-12,104,-89,-159,-100,-147,1
46,62,75,28,6,0,102,-65,-10,21,-13,-14,104,-91,-158,-99,-148,1
46,62,75,28,6,-3,98,-67,-14,20,-16,-12,104,-88,-158,-99,-146,1
46,62,75,28,6,-1,101,-65,-12,21,-15,-14,104,-91,-159,-99,-147,1
46,62,75,28,6,-3,98,-67,-14,20,-15,-12,105,-88,-157,-99,-147,1
46,62,75,28,6,-1,100,-65,-11,21,-14,-14,104,-91,-157,-99,-148,1
46,62,75,28,6,-3,98,-66,-14,20,-16,-12,105,-89,-158,-98,-146,1
46,62,75,28,6,-2,99,-65,-13,20,-16,-14,104,-91,-158,-98,-147,1
46,62,75,28,6,-3,98,-66,-13,20,-15,-12,105,-88,-161,-99,-147,1
46,62,75,28,6,-2,99,-66,-13,19,-16,-14,104,-91,-158,-99,-147,1
46,62,75,28,6,-2,98,-66,-14,20,-15,-13,105,-89,-159,-98,-147,1
46,62,75,28,6,-2,99,-66,-14,19,-17,-13,104,-91,-159,-98,-147,1
46,62,75,28,6,-2,98,-64,-13,20,-15,-13,105,-89,-157,-98,-148,1
46,62,75,28,6,-3,97,-66,-15,19,-17,-14,104,-90,-159,-98,-147,1
46,62,75,28,6,-2,98,-64,-13,20,-15,-13,104,-89,-159,-98,-147,1
46,62,75,28,6,-3,97,-65,-15,19,-17,-13,104,-90,-158,-98,-147,1
46,62,75,28,6,-3,99,-66,-13,20,-14,-13,104,-90,-156,-99,-147,1
46,62,75,28,6,-5,98,-67,-14,18,-17,-13,104,-90,-162,-98,-147,1
46,62,75,28,6,-2,99,-67,-11,21,-13,-13,104,-90,-154,-100,-148,1
46,62,75,28,6,-4,99,-68,-16,19,-17,-13,104,-90,-158,-99,-147,1
46,62,75,28,6,-2,101,-66,-11,22,-12,-14,104,-91,-157,-99,-147,1
46,62,75,28,6,-4,97,-67,-14,19,-17,-13,104,-90,-157,-100,-146,1
46,62,75,28,6,-1,102,-65,-10,22,-12,-13,104,-91,-158,-99,-148,1
46,62,75,28,6,-4,98,-67,-15,20,-17,-13,104,-89,-156,-100,-148,1
46,62,75,28,6,-1,101,-65,-10,22,-13,-14,104,-91,-157,-99,-148,1
46,62,75,28,6,-3,97,-66,-15,19,-17,-13,104,-89,-158,-99,-146,1
46,62,75,28,6,0,101,-64,-10,22,-13,-14,104,-91,-159,-99,-148,1
46,62,75,28,6,-4,98,-66,-14,19,-17,-13,104,-89,-156,-100,-146,1
46,62,75,28,6,-1,101,-65,-11,21,-13,-14,104,-91,-160,-98,-148,1
46,62,75,28,6,-4,97,-66,-14,19,-16,-12,105,-89,-158,-98,-146,1
46,62,75,28,6,0,100,-64,-11,20,-14,-14,104,-91,-158,-99,-149,1
46,62,75,28,6,-3,98,-66,-14,19,-15,-12,105,-89,-157,-99,-146,1
46,62,75,28,6,-2,101,-66,-12,20,-15,-14,104,-91,-160,-99,-147,1
46,62,75,28,6,-3,99,-67,-13,20,-16,-12,105,-89,-157,-99,-146,1
46,62,75,28,6,-2,99,-66,-13,20,-16,-14,104,-91,-158,-99,-147,1
46,62,75,28,6,-3,99,-66,-13,20,-15,-13,104,-89,-158,-99,-146,1
46,62,75,28,6,-4,99,-67,-16,19,-17,-13,104,-91,-158,-99,-147,1
46,62,75,28,6,-3,99,-65,-13,20,-15,-13,104,-90,-160,-99,-146,1
46,62,75,28,6,-5,97,-66,-14,19,-16,-13,104,-90,-154,-100,-148,1
46,62,75,28,6,-2,100,-65,-10,22,-12,-13,104,-91,-159,-99,-147,1
46,62,75,28,6,-5,98,-66,-15,19,-17,-13,104,-90,-155,-100,-147,1
46,62,75,28,6,0,101,-64,-10,22,-12,-14,104,-90,-158,-99,-147,1
46,62,75,28,6,-4,97,-66,-15,19,-16,-13,104,-89,-160,-98,-145,1
46,62,75,28,6,0,100,-63,-10,22,-12,-13,104,-91,-158,-99,-148,1
46,62,75,28,6,-3,97,-65,-15,19,-17,-13,105,-89,-158,-98,-146,1
46,62,75,28,6,0,102,-65,-10,22,-13,-14,104,-91,-159,-99,-147,1
46,62,75,28,6,-4,98,-66,-15,19,-16,-13,104,-89,-158,-99,-146,1
46,62,75,28,6,-1,101,-65,-11,21,-13,-14,104,-91,-158,-99,-147,1
46,62,75,28,6,-3,97,-66,-14,19,-15,-13,105,-89,-158,-98,-146,1
46,62,75,28,6,0,102,-65,-11,22,-13,-14,104,-90,-158,-99,-148,1
46,62,75,28,6,-3,98,-66,-14,20,-16,-13,105,-89,-159,-98,-146,1
46,62,75,28,6,-1,101,-65,-12,21,-14,-14,105,-91,-158,-99,-147,1
46,62,75,28,6,-3,98,-67,-15,19,-16,-12,105,-88,-158,-98,-146,1
46,62,75,28,6,-1,100,-66,-11,20,-15,-14,104,-91,-157,-99,-147,1
46,62,75,28,6,-3,99,-68,-13,20,-16,-13,105,-89,-158,-99,-147,1
46,62,75,28,6,-3,99,-68,-14,19,-17,-14,104,-91,-157,-99,-147,1
46,62,75,28,6,-3,99,-68,-13,20,-15,-13,104,-89,-157,-98,-147,1
46,62,75,28,6,-3,99,-68,-14,19,-17,-14,104,-90,-157,-99,-147,1
46,62,75,28,6,-3,99,-68,-13,21,-14,-13,104,-90,-156,-100,-149,1
46,62,75,28,6,-4,98,-68,-15,19,-18,-14,104,-90,-159,-99,-146,1
46,62,75,28,6,-1,101,-67,-10,22,-12,-14,104,-91,-160,-99,-147,1
46,62,75,28,6,-4,97,-67,-15,19,-17,-13,104,-90,-159,-99,-147,1
46,62,75,28,6,0,100,-64,-10,22,-12,-14,104,-91,-157,-99,-147,1
46,62,75,28,6,-4,97,-66,-15,19,-17,-14,104,-90,-158,-99,-147,1
46,62,75,28,6,0,101,-64,-10,22,-12,-14,104,-91,-157,-99,-147,1
46,62,75,28,6,-4,98,-67,-15,19,-16,-13,105,-89,-158,-99,-146,1
46,62,75,28,6,-1,100,-65,-11,21,-13,-14,104,-90,-157,-100,-148,1
46,62,75,28,6,-3,97,-66,-15,19,-16,-12,104,-89,-157,-99,-147,1
46,62,75,28,6,0,101,-64,-11,21,-13,-14,104,-91,-158,-99,-147,1
46,62,75,28,6,-3,97,-65,-14,19,-16,-13,105,-89,-158,-99,-147,1
46,62,75,28,6,-1,101,-65,-11,21,-14,-14,104,-91,-158,-99,-147,1
46,62,75,28,6,-3,97,-64,-14,19,-16,-12,105,-88,-158,-99,-146,1
46,62,75,28,6,-2,98,-64,-14,19,-16,-14,104,-91,-156,-99,-147,1
46,62,75,28,6,-2,98,-64,-13,20,-15,-13,105,-90,-159,-99,-147,1
46,62,75,28,6,-3,98,-65,-14,19,-17,-13,104,-91,-157,-99,-147,1
46,62,75,28,6,-2,98,-66,-13,20,-14,-13,104,-90,-154,-99,-147,1
46,62,75,28,6,-5,97,-67,-15,19,-17,-14,104,-90,-162,-98,-146,1
46,62,75,28,6,-1,100,-65,-10,22,-12,-13,104,-91,-153,-100,-147,1
46,62,75,28,6,-4,98,-68,-15,19,-17,-13,104,-90,-158,-100,-148,1
46,62,75,28,6,0,101,-67,-10,22,-13,-14,104,-91,-156,-100,-148,1
46,62,75,28,6,-3,99,-68,-14,19,-17,-13,105,-89,-157,-99,-147,1
46,62,75,28,6,-2,100,-66,-12,21,-16,-14,104,-91,-156,-100,-147,1
46,62,75,28,6,-2,99,-67,-13,20,-15,-13,104,-88,-155,-100,-147,1
46,62,75,28,6,-3,98,-66,-15,19,-17,-14,104,-91,-155,-100,-147,1
46,62,75,28,6,-1,100,-66,-11,21,-13,-13,104,-90,-153,-102,-147,1
46,62,75,28,6,-4,97,-66,-16,19,-17,-13,104,-90,-155,-100,-144,1
46,62,75,28,6,-1,99,-63,-12,21,-13,-13,104,-91,-157,-101,-146,1
46,62,75,28,6,-4,98,-64,-15,19,-16,-12,104,-89,-154,-102,-142,1
46,62,75,28,6,-2,99,-63,-14,19,-16,-14,104,-91,-159,-103,-145,1
46,62,75,28,6,-3,98,-64,-13,20,-15,-13,104,-90,-152,-101,-144,1
46,62,75,28,6,-4,96,-64,-15,19,-17,-13,104,-91,-156,-101,-144,1
46,62,75,28,6,-1,100,-63,-11,22,-12,-14,104,-91,-156,-102,-145,1
46,62,75,28,6,-3,96,-63,-14,19,-16,-12,105,-88,-155,-103,-144,1
46,62,75,28,6,-2,99,-64,-12,20,-15,-13,104,-91,-155,-101,-145,1
46,62,75,28,6,-3,99,-66,-14,20,-15,-12,104,-89,-154,-101,-145,1
46,62,75,28,6,-4,97,-66,-16,18,-17,-14,104,-90,-155,-101,-145,1
46,62,75,28,6,-2,100,-65,-10,22,-12,-14,104,-91,-155,-102,-146,1
46,62,75,28,6,-4,97,-68,-15,19,-17,-13,104,-89,-155,-100,-144,1
46,62,75,28,6,-1,101,-66,-11,21,-14,-14,104,-91,-156,-102,-146,1
46,62,75,28,6,-4,99,-69,-15,19,-15,-13,105,-89,-155,-101,-144,1
46,62,75,28,6,-4,98,-68,-14,18,-17,-14,104,-91,-157,-101,-145,1
46,62,75,28,6,-2,100,-67,-11,21,-12,-14,104,-90,-157,-101,-145,1
46,62,75,28,6,-4,99,-69,-15,19,-17,-13,104,-90,-155,-100,-144,1
46,62,75,28,6,-1,101,-66,-10,21,-14,-14,104,-91,-157,-100,-146,1
46,62,75,28,6,-3,99,-69,-14,19,-16,-13,105,-89,-157,-99,-144,1
46,62,75,28,6,-2,100,-68,-13,19,-16,-14,104,-91,-157,-100,-146,1
46,62,75,28,6,-2,99,-67,-13,20,-14,-13,104,-90,-158,-101,-145,1
46,62,75,28,6,-4,98,-67,-15,19,-17,-13,104,-90,-158,-100,-144,1
46,62,75,28,6,0,101,-65,-9,22,-12,-14,104,-91,-158,-100,-146,1
46,62,75,28,6,-3,98,-66,-14,19,-16,-12,105,-89,-157,-100,-145,1
46,62,75,28,6,-2,100,-66,-13,20,-16,-14,104,-90,-161,-100,-144,1
46,62,75,28,6,-1,99,-66,-12,20,-15,-13,104,-89,-156,-101,-146,1
46,62,75,28,6,-4,97,-65,-16,18,-17,-14,104,-91,-158,-100,-144,1
46,62,75,28,6,-2,99,-64,-11,21,-13,-14,104,-90,-157,-99,-146,1
46,62,75,28,6,-3,98,-65,-14,19,-16,-13,105,-89,-159,-101,-145,1
46,62,75,28,6,0,100,-63,-9,22,-12,-13,104,-91,-156,-99,-144,1
46,62,75,28,6,-4,97,-64,-15,19,-17,-13,105,-89,-160,-101,-145,1
46,62,75,28,6,-1,100,-64,-12,20,-15,-14,104,-91,-155,-100,-147,1
46,62,75,28,6,-3,99,-66,-14,20,-15,-12,105,-89,-157,-100,-145,1
46,62,75,28,6,-4,97,-67,-15,19,-17,-13,104,-90,-155,-101,-146,1
46,62,75,28,6,-1,100,-65,-10,22,-12,-14,104,-91,-153,-101,-147,1
46,62,75,28,6,-4,97,-67,-15,19,-17,-13,105,-89,-154,-100,-146,1
46,62,75,28,6,-1,101,-66,-12,20,-15,-14,104,-91,-155,-101,-146,1
46,62,75,28,6,-3,99,-66,-12,20,-15,-13,104,-90,-153,-101,-146,1
46,62,75,28,6,-4,98,-66,-15,20,-16,-13,104,-90,-155,-101,-145,1
46,62,75,28,6,-2,98,-64,-11,21,-13,-13,104,-90,-153,-101,-147,1
46,62,75,28,6,-4,97,-65,-15,19,-17,-13,104,-90,-153,-102,-146,1
46,62,75,28,6,0,100,-63,-10,21,-13,-14,104,-92,-152,-102,-148,1
46,62,75,28,6,-3,97,-65,-14,19,-17,-12,104,-89,-153,-101,-146,1
46,62,75,28,6,-2,98,-64,-14,20,-17,-14,104,-91,-154,-101,-147,1
46,62,75,28,6,-2,98,-63,-12,21,-14,-13,104,-90,-154,-101,-148,1
46,62,75,28,6,-4,97,-64,-15,19,-17,-13,104,-90,-154,-101,-147,1
46,62,75,28,6,0,100,-63,-10,21,-12,-14,104,-92,-154,-101,-148,1
46,62,75,28,6,-3,97,-65,-14,19,-16,-12,105,-89,-153,-101,-146,1
46,62,75,28,6,-2,99,-64,-13,20,-16,-14,104,-91,-154,-101,-147,1
46,62,75,28,6,-3,98,-66,-13,20,-15,-13,104,-89,-154,-100,-147,1
46,62,75,28,6,-4,97,-66,-15,19,-17,-13,104,-90,-153,-102,-149,1
46,62,75,28,6,-1,100,-65,-10,22,-12,-14,104,-91,-155,-101,-147,1
46,62,75,28,6,-3,98,-67,-14,19,-17,-13,105,-89,-153,-101,-146,1
46,62,75,28,6,-1,100,-66,-12,20,-15,-14,103,-91,-152,-101,-147,1
46,62,75,28,6,-3,98,-67,-14,20,-16,-13,104,-89,-154,-100,-147,1
46,62,75,28,6,-4,97,-67,-15,18,-17,-13,104,-90,-153,-101,-147,1
46,62,75,28,6,-2,100,-65,-11,22,-12,-14,104,-91,-154,-101,-147,1
46,62,75,28,6,-4,97,-66,-15,19,-17,-13,105,-89,-154,-101,-146,1
46,62,75,28,6,-1,100,-65,-11,22,-14,-14,104,-91,-155,-101,-148,1
46,62,75,28,6,-3,98,-66,-14,20,-16,-13,104,-89,-153,-101,-146,1
46,62,75,28,6,-2,99,-66,-14,19,-17,-13,104,-91,-154,-100,-146,1
46,62,75,28,6,-2,99,-65,-12,21,-13,-13,104,-90,-155,-101,-147,1
46,62,75,28,6,-4,97,-66,-15,19,-17,-14,104,-90,-154,-101,-146,1
46,62,75,28,6,-1,100,-65,-12,20,-15,-14,104,-91,-153,-101,-147,1
46,62,75,28,6,-3,97,-65,-14,19,-17,-13,104,-89,-153,-101,-146,1
46,62,75,28,6,-1,98,-64,-13,19,-16,-14,104,-91,-153,-101,-147,1
46,62,75,28,6,-2,98,-64,-13,20,-14,-13,104,-90,-154,-100,-146,1
46,62,75,28,6,-3,96,-64,-15,19,-17,-13,104,-90,-154,-100,-148,1
46,62,75,28,6,0,100,-62,-10,22,-12,-14,104,-91,-152,-101,-147,1
46,62,75,28,6,-4,97,-65,-14,19,-16,-13,105,-89,-156,-100,-148,1
46,62,75,28,6,-1,99,-64,-12,20,-16,-14,104,-91,-151,-101,-146,1
46,62,75,28,6,-3,98,-65,-13,20,-15,-13,104,-89,-154,-101,-148,1
46,62,75,28,6,-4,97,-66,-16,19,-17,-13,104,-91,-153,-101,-148,1
46,62,75,28,6,-1,101,-65,-10,22,-13,-14,104,-91,-154,-101,-147,1
46,62,75,28,6,-3,97,-67,-15,19,-18,-12,104,-89,-152,-101,-148,1
46,62,75,28,6,-2,100,-65,-12,20,-15,-14,104,-91,-155,-100,-146,1
46,62,75,28,6,-3,98,-67,-14,20,-15,-13,104,-89,-153,-100,-147,1
46,62,75,28,6,-3,98,-67,-15,19,-18,-14,104,-90,-154,-101,-148,1
46,62,75,28,6,-1,100,-66,-10,22,-13,-14,104,-91,-154,-101,-148,1
46,62,75,28,6,-4,98,-67,-15,19,-17,-13,104,-89,-154,-101,-146,1
46,62,75,28,6,-1,100,-64,-10,21,-13,-14,104,-91,-154,-101,-148,1
46,62,75,28,6,-3,97,-66,-14,19,-15,-12,105,-89,-152,-102,-148,1
46,62,75,28,6,-3,98,-65,-15,19,-17,-14,104,-91,-154,-101,-147,1
46,62,75,28,6,-2,99,-64,-12,21,-14,-13,104,-91,-151,-102,-148,1
46,62,75,28,6,-3,96,-65,-15,19,-17,-14,104,-90,-155,-100,-148,1
46,62,75,28,6,-1,99,-63,-10,22,-13,-14,104,-91,-152,-101,-148,1
46,62,75,28,6,-3,96,-64,-15,19,-16,-12,104,-89,-154,-100,-147,1
46,62,75,28,6,-2,98,-64,-13,19,-16,-14,104,-91,-152,-101,-147,1
46,62,75,28,6,-3,98,-65,-13,20,-14,-13,104,-90,-155,-101,-147,1
46,62,75,28,6,-4,97,-67,-15,19,-17,-13,104,-90,-152,-101,-147,1
46,62,75,28,6,-1,101,-65,-10,22,-13,-14,104,-91,-155,-101,-147,1
46,62,75,28,6,-4,97,-67,-15,18,-17,-12,104,-89,-152,-101,-146,1
46,62,75,28,6,-1,100,-65,-12,20,-15,-14,104,-91,-154,-102,-147,1
46,62,75,28,6,-3,99,-66,-13,20,-15,-13,105,-90,-153,-101,-146,1
46,62,75,28,6,-4,98,-68,-15,19,-17,-13,104,-91,-154,-101,-147,1
46,62,75,28,6,-1,101,-66,-10,22,-13,-14,104,-91,-151,-102,-149,1
46,62,75,28,6,-4,97,-67,-16,18,-17,-12,105,-89,-154,-100,-145,1
46,62,75,28,6,0,100,-66,-11,20,-15,-14,104,-91,-152,-102,-148,1
46,62,75,28,6,-3,98,-66,-14,20,-15,-13,104,-89,-154,-101,-146,1
46,62,75,28,6,-4,98,-66,-15,19,-17,-13,104,-90,-153,-102,-147,1
46,62,75,28,6,-1,100,-64,-10,22,-13,-14,104,-91,-153,-101,-147,1
46,62,75,28,6,-4,97,-65,-15,19,-17,-13,104,-89,-154,-100,-146,1
46,62,75,28,6,-2,99,-64,-12,21,-15,-14,104,-91,-153,-102,-148,1
46,62,75,28,6,-2,97,-65,-14,20,-15,-13,104,-90,-154,-101,-146,1
46,62,75,28,6,-3,97,-65,-15,19,-17,-14,104,-91,-154,-101,-147,1
46,62,75,28,6,-2,99,-63,-11,22,-12,-14,104,-91,-153,-102,-147,1
46,62,75,28,6,-3,97,-64,-15,19,-17,-13,104,-90,-152,-101,-146,1
46,62,75,28,6,0,100,-63,-11,21,-13,-14,104,-91,-158,-100,-145,1
46,62,75,28,6,-3,97,-65,-14,20,-16,-13,105,-89,-153,-101,-145,1
46,62,75,28,6,-3,97,-65,-15,18,-17,-14,104,-91,-154,-101,-146,1
46,62,75,28,6,-1,100,-66,-11,21,-13,-14,104,-91,-153,-102,-147,1
46,62,75,28,6,-3,98,-67,-15,19,-16,-13,104,-90,-153,-101,-145,1
46,62,75,28,6,-1,101,-65,-10,21,-14,-13,104,-91,-154,-102,-146,1
46,62,75,28,6,-3,98,-67,-14,20,-16,-12,104,-89,-152,-102,-146,1
46,62,75,28,6,-3,98,-67,-15,19,-18,-14,104,-91,-153,-102,-146,1
46,62,75,28,6,-3,99,-66,-12,21,-13,-13,104,-90,-155,-102,-147,1
46,62,75,28,6,-4,97,-66,-15,19,-17,-13,104,-90,-151,-102,-146,1
46,62,75,28,6,0,101,-64,-11,22,-13,-14,104,-91,-155,-101,-146,1
46,62,75,28,6,-3,98,-65,-14,20,-16,-12,104,-89,-153,-101,-146,1
46,62,75,28,6,-3,97,-65,-15,18,-17,-13,104,-91,-154,-102,-147,1
46,62,75,28,6,-2,99,-64,-11,21,-13,-13,104,-91,-152,-101,-146,1
46,62,75,28,6,-3,98,-66,-15,19,-16,-13,104,-90,-155,-101,-146,1
46,62,75,28,6,-1,100,-65,-11,21,-13,-14,104,-91,-153,-101,-147,1
46,62,75,28,6,-2,98,-67,-12,20,-15,-13,104,-89,-153,-101,-146,1
46,62,75,28,6,-2,100,-66,-16,19,-17,-13,104,-90,-151,-101,-146,1
46,62,75,28,6,-3,100,-67,-13,21,-14,-13,104,-90,-152,-101,-146,1
46,62,75,28,6,-4,97,-66,-15,19,-17,-13,104,-90,-152,-103,-145,1
46,62,75,28,6,-1,101,-65,-10,21,-13,-14,104,-91,-151,-104,-145,1
46,62,75,28,6,-3,97,-66,-14,20,-16,-12,104,-88,-150,-104,-144,1
46,62,75,28,6,-2,98,-64,-14,19,-17,-14,104,-91,-153,-102,-147,1
46,62,75,28,6,-1,98,-65,-12,21,-14,-13,105,-90,-148,-104,-144,1
46,62,75,28,6,-3,98,-66,-16,19,-17,-13,104,-90,-152,-103,-148,1
46,62,75,28,6,0,101,-64,-11,22,-13,-14,104,-91,-150,-100,-147,1
46,62,75,28,6,-2,97,-66,-14,20,-16,-12,105,-89,-152,-101,-145,1
46,62,75,28,6,-1,99,-64,-14,19,-16,-14,104,-91,-154,-103,-146,1
46,62,75,28,6,-3,98,-64,-13,20,-15,-13,104,-90,-151,-103,-146,1
46,62,75,28,6,-4,96,-65,-15,19,-18,-14,104,-90,-154,-101,-145,1
46,62,75,28,6,0,100,-63,-10,22,-13,-14,104,-91,-153,-102,-144,1
46,62,75,28,6,-4,98,-66,-14,19,-16,-12,105,-88,-154,-102,-144,1
46,62,75,28,6,-2,99,-65,-13,20,-16,-14,104,-91,-154,-102,-146,1
46,62,75,28,6,-3,99,-66,-13,20,-15,-13,104,-90,-154,-101,-144,1
46,62,75,28,6,-4,98,-68,-15,19,-17,-14,104,-91,-157,-101,-142,1
46,62,75,28,6,0,101,-65,-10,22,-13,-14,104,-91,-154,-103,-146,1
46,62,75,28,6,-3,98,-67,-15,19,-17,-13,104,-89,-152,-102,-144,1
46,62,75,28,6,-1,100,-66,-13,20,-16,-14,104,-91,-155,-101,-145,1
46,62,75,28,6,-3,99,-67,-13,20,-15,-13,104,-90,-153,-102,-146,1
46,62,75,28,6,-4,98,-67,-15,19,-17,-13,104,-91,-155,-101,-145,1
46,62,75,28,6,0,100,-65,-10,22,-12,-14,104,-92,-154,-100,-146,1
46,62,75,28,6,-4,97,-66,-15,19,-16,-13,104,-89,-155,-102,-144,1
46,62,75,28,6,-1,99,-65,-12,20,-16,-14,104,-91,-156,-101,-146,1
46,62,75,28,6,-3,99,-66,-13,20,-14,-13,104,-90,-153,-102,-145,1
46,62,75,28,6,-3,98,-66,-15,19,-17,-14,104,-91,-153,-102,-145,1
46,62,75,28,6,-1,101,-69,-11,22,-14,-14,104,-91,-152,-103,-146,1
46,62,75,28,6,-4,99,-69,-15,19,-16,-13,104,-89,-154,-103,-146,1
46,62,75,28,6,-1,101,-68,-11,20,-16,-14,104,-91,-155,-102,-145,1
46,62,75,28,6,-3,99,-69,-13,20,-16,-13,104,-90,-154,-101,-146,1
46,62,75,28,6,-3,98,-69,-15,19,-17,-14,104,-90,-152,-101,-146,1
46,62,75,28,6,0,102,-68,-10,22,-13,-14,104,-91,-154,-102,-147,1
46,62,75,28,6,-3,98,-68,-15,19,-17,-13,104,-89,-153,-100,-145,1
46,62,75,28,6,0,100,-68,-11,21,-15,-14,103,-91,-156,-101,-146,1
46,62,75,28,6,-2,99,-68,-14,19,-15,-13,104,-90,-157,-101,-145,1
46,62,75,28,6,-4,98,-69,-15,19,-17,-14,104,-91,-155,-101,-146,1
46,62,75,28,6,-1,101,-66,-11,22,-12,-14,104,-91,-154,-101,-147,1
46,62,75,28,6,-3,97,-66,-16,19,-16,-13,104,-89,-155,-100,-144,1
46,62,75,28,6,0,101,-66,-11,21,-15,-14,104,-91,-156,-101,-146,1
46,62,75,28,6,-2,98,-66,-13,20,-16,-12,104,-89,-155,-101,-146,1
46,62,75,28,6,-3,97,-67,-15,19,-17,-14,104,-91,-155,-101,-146,1
46,62,75,28,6,-1,101,-66,-11,21,-13,-14,104,-91,-156,-101,-147,1
46,62,75,28,6,-3,97,-67,-15,19,-18,-13,104,-89,-155,-100,-145,1
46,62,75,28,6,0,102,-66,-12,22,-13,-14,104,-91,-156,-100,-146,1
46,62,75,28,6,-2,98,-66,-14,20,-16,-12,105,-89,-156,-101,-146,1
46,62,75,28,6,-2,99,-68,-15,19,-17,-14,104,-90,-155,-101,-146,1
46,62,75,28,6,-1,100,-66,-12,21,-13,-13,104,-91,-156,-102,-148,1
46,62,75,28,6,-2,98,-67,-15,19,-17,-13,104,-90,-153,-100,-146,1
46,62,75,28,6,0,101,-66,-12,21,-13,-14,104,-91,-157,-100,-146,1
46,62,75,28,6,-3,98,-66,-15,20,-16,-13,104,-89,-156,-101,-146,1
46,62,75,28,6,-1,100,-68,-14,20,-16,-14,104,-91,-157,-100,-145,1
46,62,75,28,6,-2,99,-66,-14,20,-14,-13,104,-90,-156,-100,-146,1
46,62,75,28,6,-3,98,-67,-16,19,-17,-13,104,-90,-156,-101,-147,1
46,62,75,28,6,1,102,-66,-11,22,-12,-14,104,-91,-156,-101,-147,1
46,62,75,28,6,-2,97,-65,-15,20,-16,-13,105,-89,-154,-101,-147,1
46,62,75,28,6,-1,99,-65,-13,20,-16,-14,104,-91,-154,-101,-146,1
46,62,75,28,6,-1,99,-67,-14,20,-16,-12,105,-89,-155,-100,-147,1
46,62,75,28,6,-2,96,-64,-16,20,-18,-13,104,-90,-154,-101,-147,1
46,62,75,28,6,0,101,-64,-11,22,-12,-14,104,-91,-155,-101,-148,1
46,62,75,28,6,-3,98,-70,-15,20,-17,-13,104,-89,-154,-100,-146,1
46,62,75,28,6,0,101,-66,-12,21,-15,-14,104,-91,-156,-99,-147,1
46,62,75,28,6,-2,99,-68,-14,20,-16,-13,104,-90,-155,-100,-147,1
46,62,75,28,6,-3,99,-69,-16,18,-17,-14,104,-90,-155,-101,-147,1
46,62,75,28,6,-1,102,-68,-12,21,-12,-14,104,-91,-156,-101,-147,1
46,62,75,28,6,-3,99,-69,-15,19,-16,-13,104,-90,-154,-100,-147,1
46,62,75,28,6,0,101,-67,-10,21,-13,-14,104,-91,-154,-99,-145,1
46,62,75,28,6,-3,98,-72,-15,20,-17,-12,105,-88,-155,-100,-147,1
46,62,75,28,6,-2,101,-69,-14,19,-16,-13,104,-91,-154,-101,-149,1
46,62,75,28,6,-2,101,-70,-14,20,-16,-13,105,-90,-156,-101,-148,1
46,62,75,28,6,-4,98,-69,-16,19,-17,-14,104,-91,-155,-101,-148,1
46,62,75,28,6,1,102,-68,-10,23,-12,-14,104,-92,-153,-100,-147,1
46,62,75,28,6,-3,97,-69,-14,19,-17,-12,104,-89,-155,-99,-148,1
46,62,75,28,6,-1,101,-68,-10,21,-14,-14,104,-91,-154,-101,-148,1
46,62,75,28,6,-1,99,-68,-14,20,-16,-13,105,-89,-156,-100,-148,1
46,62,75,28,6,-3,99,-70,-16,19,-17,-14,104,-91,-154,-100,-147,1
46,62,75,28,6,-1,101,-67,-11,22,-12,-14,104,-92,-155,-101,-148,1
46,62,75,28,6,-2,97,-67,-15,18,-18,-14,104,-90,-154,-100,-147,1
46,62,75,28,6,1,103,-68,-8,21,-12,-14,104,-92,-153,-101,-147,1
46,62,75,28,6,-1,100,-67,-17,18,-16,-11,106,-88,-151,-99,-147,1
46,62,75,28,6,-3,102,-69,-11,22,-15,-14,105,-92,-153,-104,-148,1
46,62,75,28,6,-2,99,-68,-14,20,-15,-12,104,-88,-153,-98,-144,1
46,62,75,28,6,-2,99,-69,-17,18,-17,-14,104,-91,-159,-100,-149,1
46,62,75,28,6,0,100,-65,-10,21,-12,-14,104,-91,-154,-102,-148,1
46,62,75,28,6,-3,96,-66,-15,20,-17,-13,105,-90,-151,-101,-146,1
46,62,75,28,6,1,100,-64,-10,22,-12,-14,104,-91,-152,-101,-149,1
46,62,75,28,6,-2,97,-65,-15,20,-16,-12,105,-88,-151,-101,-150,1
46,62,75,28,6,-1,98,-65,-15,19,-17,-14,104,-91,-152,-100,-148,1
46,62,75,28,6,-2,98,-65,-12,20,-14,-13,104,-90,-150,-102,-148,1
46,62,75,28,6,-4,96,-65,-17,19,-17,-13,104,-90,-150,-103,-149,1
46,62,75,28,6,1,101,-64,-11,21,-12,-14,104,-91,-149,-100,-147,1
46,62,75,28,6,-3,97,-65,-15,19,-16,-13,104,-88,-144,-105,-150,1
46,62,75,28,6,-1,99,-64,-13,20,-16,-14,104,-91,-140,-107,-148,1
46,62,75,28,6,-2,97,-64,-14,19,-15,-13,104,-90,-139,-108,-146,1
46,62,75,28,6,-4,96,-65,-16,18,-17,-14,104,-91,-142,-112,-146,1
46,62,75,28,6,-1,100,-64,-11,21,-13,-14,104,-91,-140,-110,-142,1
46,62,75,28,6,-4,96,-66,-15,19,-17,-13,105,-89,-140,-111,-141,1
46,62,75,28,6,-1,99,-64,-12,21,-14,-14,104,-90,-137,-110,-144,1
46,62,75,28,6,-2,98,-66,-15,19,-16,-12,105,-90,-138,-113,-146,1
46,62,75,28,6,-3,99,-67,-16,19,-17,-13,104,-91,-139,-112,-144,1
46,62,75,28,6,-2,98,-64,-12,20,-13,-14,104,-91,-138,-113,-144,1
46,62,75,28,6,-4,97,-66,-15,19,-17,-14,104,-90,-136,-113,-143,1
46,62,75,28,6,-7,103,-100,10,86,-123,36,105,-95,-178,-91,-156,2
46,62,75,28,6,-5,107,-99,11,87,-124,37,105,-95,-176,-91,-155,2
46,62,75,28,6,-7,103,-101,9,84,-124,37,106,-96,-177,-91,-156,2
46,62,75,28,6,-6,104,-99,10,86,-122,37,105,-95,-177,-91,-157,2
46,62,75,28,6,-6,104,-100,9,83,-125,37,106,-95,-175,-91,-156,2
46,62,75,28,6,-7,104,-101,8,86,-122,38,105,-95,-176,-91,-156,2
46,62,75,28,6,-6,104,-99,10,88,-121,36,106,-94,-174,-90,-157,2
46,62,75,28,6,-8,101,-101,7,80,-124,37,106,-95,-174,-91,-157,2
46,62,75,28,6,-7,104,-98,9,86,-121,38,106,-94,-175,-91,-156,2
46,62,75,28,6,-6,105,-98,11,88,-121,37,106,-94,-177,-90,-157,2
46,62,75,28,6,-9,100,-101,8,81,-124,37,105,-95,-178,-90,-157,2
46,62,75,28,6,-6,104,-99,11,87,-122,38,106,-94,-178,-90,-157,2
46,62,75,28,6,-5,106,-98,11,91,-121,37,105,-95,-179,-90,-156,2
46,62,75,28,6,-9,101,-102,8,82,-124,37,105,-95,-178,-90,-156,2
46,62,75,28,6,-5,105,-99,11,88,-122,38,106,-95,-176,-90,-156,2
46,62,75,28,6,-3,110,-97,13,96,-118,37,106,-95,-177,-90,-157,2
46,62,75,28,6,-8,102,-102,9,84,-123,37,105,-95,-176,-91,-156,2
46,62,75,28,6,-5,105,-99,11,89,-121,38,106,-95,-177,-91,-158,2
46,62,75,28,6,0,111,-100,14,96,-121,38,105,-93,-177,-89,-158,2
46,62,75,28,6,-6,103,-103,9,84,-124,35,106,-93,-176,-88,-157,2
46,62,75,28,6,-3,107,-96,12,93,-121,33,107,-95,-177,-90,-160,2
46,62,75,28,6,-2,109,-90,8,94,-118,37,106,-91,-178,-89,-156,2
46,62,75,28,6,-9,103,-94,-2,85,-122,39,106,-90,-179,-90,-157,2
46,62,75,28,6,-12,107,-92,1,95,-119,38,106,-90,-179,-90,-156,2
46,62,75,28,6,-7,111,-96,-9,93,-113,89,68,-102,-172,-94,-147,2
46,62,75,28,6,-13,110,-103,-6,87,-119,5,126,-88,-168,-86,-154,2
46,62,75,28,6,2,118,-93,6,91,-116,0,82,-104,-176,-91,-158,2
46,62,75,28,6,-3,102,-94,8,91,-115,21,108,-93,-175,-89,-158,2
46,62,75,28,6,-6,105,-99,1,88,-116,18,107,-93,-172,-93,-156,2
46,62,75,28,6,-6,112,-93,11,94,-111,18,106,-95,-173,-93,-155,2
46,62,75,28,6,5,107,-91,10,89,-99,18,107,-95,-178,-90,-156,2
46,62,75,28,6,2,106,-92,15,89,-102,14,108,-100,-175,-90,-163,2
46,62,75,28,6,5,105,-83,9,73,-138,14,108,-99,-174,-90,-163,2
46,62,75,28,6,1,96,-97,10,87,-109,20,109,-99,-179,-88,-166,2
46,62,75,28,6,-2,107,-96,17,89,-120,20,107,-97,-172,-94,-162,2
46,62,75,28,6,-6,102,-101,5,82,-128,25,107,-99,-175,-89,-160,2
46,62,75,28,6,-1,110,-97,10,93,-123,23,107,-101,-178,-90,-161,2
46,62,75,28,6,-6,102,-102,4,79,-129,24,107,-101,-177,-91,-160,2
46,62,75,28,6,-4,106,-97,8,91,-123,25,107,-99,-175,-90,-160,2
46,62,75,28,6,-1,111,-95,8,94,-121,25,107,-98,-175,-90,-159,2
46,62,75,28,6,-6,102,-99,6,84,-125,26,107,-98,-178,-89,-158,2
46,62,75,28,6,-3,107,-92,8,93,-121,25,107,-99,-178,-91,-159,2
46,62,75,28,6,-2,108,-89,9,92,-122,26,107,-98,-177,-90,-158,2
46,62,75,28,6,-6,102,-93,6,85,-124,27,107,-98,-177,-90,-158,2
46,62,75,28,6,-2,109,-89,10,94,-121,26,107,-99,-177,-91,-159,2
46,62,75,28,6,-2,108,-90,9,89,-124,27,107,-98,-176,-90,-157,2
46,62,75,28,6,-6,103,-93,6,86,-124,28,107,-98,-175,-90,-158,2
46,62,75,28,6,-1,110,-89,10,93,-121,27,106,-99,-177,-90,-159,2
46,62,75,28,6,-4,105,-92,6,84,-125,27,108,-97,-176,-90,-158,2
46,62,75,28,6,-5,104,-93,6,86,-124,28,107,-98,-177,-91,-158,2
46,62,75,28,6,-1,108,-90,9,92,-122,27,107,-99,-178,-91,-159,2
46,62,75,28,6,-6,103,-96,4,80,-127,29,107,-98,-177,-90,-158,2
46,62,75,28,6,-5,104,-94,7,90,-124,28,107,-98,-177,-90,-158,2
46,62,75,28,6,-3,108,-94,8,89,-124,27,107,-98,-177,-91,-158,2
46,62,75,28,6,-7,102,-98,4,80,-128,27,108,-97,-177,-90,-157,2
46,62,75,28,6,-3,107,-93,8,93,-122,27,107,-97,-177,-90,-158,2
46,62,75,28,6,-4,107,-95,6,85,-126,27,107,-98,-176,-90,-158,2
46,62,75,28,6,-8,101,-98,4,81,-127,27,108,-97,-176,-90,-158,2
46,62,75,28,6,-2,108,-92,8,94,-122,27,107,-98,-176,-90,-159,2
46,62,75,28,6,-5,104,-97,5,81,-127,27,107,-98,-176,-90,-158,2
46,62,75,28,6,-8,102,-98,5,82,-126,27,108,-97,-176,-91,-159,2
46,62,75,28,6,-3,109,-94,8,92,-122,27,107,-98,-176,-91,-159,2
46,62,75,28,6,-8,102,-98,4,80,-127,27,107,-98,-176,-90,-158,2
46,62,75,28,6,-7,102,-97,5,84,-126,27,107,-98,-175,-90,-158,2
46,62,75,28,6,-2,108,-94,8,91,-123,27,107,-98,-176,-90,-158,2
46,62,75,28,6,-8,101,-98,4,81,-128,26,107,-98,-176,-90,-158,2
46,62,75,28,6,-3,107,-95,8,93,-121,27,107,-98,-175,-90,-159,2
46,62,75,28,6,-2,111,-94,8,93,-122,27,107,-97,-176,-90,-158,2
46,62,75,28,6,-7,103,-98,6,84,-126,28,107,-97,-176,-90,-158,2
46,62,75,28,6,-3,109,-93,9,94,-121,27,107,-98,-177,-91,-159,2
46,62,75,28,6,-2,108,-93,8,91,-124,29,106,-97,-177,-89,-157,2
46,62,75,28,6,-6,103,-96,6,86,-125,28,108,-97,-176,-90,-158,2
46,62,75,28,6,-1,110,-91,9,94,-122,26,107,-98,-176,-91,-159,2
46,62,75,28,6,-3,107,-91,7,87,-124,28,107,-97,-175,-90,-157,2
46,62,75,28,6,-6,104,-93,6,87,-124,28,108,-98,-176,-91,-158,2
46,62,75,28,6,-2,110,-90,8,93,-122,27,107,-99,-177,-91,-159,2
46,62,75,28,6,-4,104,-93,6,82,-126,29,107,-98,-176,-90,-158,2
46,62,75,28,6,-4,104,-93,8,88,-123,29,107,-99,-176,-90,-157,2
46,62,75,28,6,-2,108,-90,8,91,-122,27,107,-99,-178,-90,-158,2
46,62,75,28,6,-7,102,-96,4,80,-126,29,107,-98,-176,-90,-158,2
46,62,75,28,6,-4,106,-92,8,93,-121,28,107,-99,-179,-90,-158,2
46,62,75,28,6,-2,107,-94,7,87,-123,28,107,-100,-181,-91,-158,2
46,62,75,28,6,-6,102,-98,4,82,-125,29,108,-98,-180,-89,-156,2
46,62,75,28,6,-1,109,-94,9,95,-121,28,107,-99,-179,-91,-157,2
46,62,75,28,6,-4,103,-96,6,81,-126,27,107,-99,-180,-91,-157,2
46,62,75,28,6,-5,105,-93,5,88,-121,29,107,-98,-184,-89,-155,2
46,62,75,28,6,-2,108,-94,8,96,-120,28,107,-99,-187,-90,-155,2
46,62,75,28,6,-8,102,-97,5,82,-124,29,107,-99,-186,-89,-154,2
46,62,75,28,6,-5,106,-96,6,88,-122,28,107,-99,-186,-91,-155,2
46,62,75,28,6,-1,110,-95,8,96,-120,29,107,-98,-186,-89,-155,2
46,62,75,28,6,-7,103,-99,5,84,-125,29,107,-99,-185,-89,-155,2
46,62,75,28,6,-4,107,-97,7,93,-121,29,107,-98,-185,-90,-155,2
46,62,75,28,6,-1,110,-94,8,93,-121,29,107,-98,-185,-90,-156,2
46,62,75,28,6,-7,102,-99,5,85,-125,29,107,-97,-186,-89,-155,2
46,62,75,28,6,-1,109,-96,8,96,-120,28,107,-99,-184,-91,-156,2
46,62,75,28,6,-4,109,-96,6,92,-121,28,108,-98,-185,-90,-154,2
46,62,75,28,6,-9,104,-98,3,86,-123,29,107,-98,-188,-87,-156,2
46,62,75,28,6,-1,110,-94,8,95,-119,27,107,-98,-188,-90,-157,2
46,62,75,28,6,-3,106,-97,6,84,-126,29,108,-98,-181,-90,-155,2
46,62,75,28,6,-4,105,-99,7,87,-124,29,107,-98,-182,-90,-156,2
46,62,75,28,6,-1,109,-96,8,92,-122,28,107,-98,-184,-90,-156,2
46,62,75,28,6,-6,103,-97,4,80,-127,29,107,-98,-183,-89,-156,2
46,62,75,28,6,-6,105,-96,7,91,-122,29,108,-97,-182,-89,-156,2
46,62,75,28,6,-2,108,-93,7,88,-124,28,107,-98,-183,-90,-156,2
46,62,75,28,6,-7,101,-96,3,79,-127,29,107,-97,-182,-90,-156,2
46,62,75,28,6,-5,106,-93,8,93,-122,28,107,-97,-183,-90,-156,2
46,62,75,28,6,-4,106,-93,6,85,-125,28,107,-98,-183,-90,-155,2
46,62,75,28,6,-5,104,-95,6,86,-126,28,108,-97,-183,-90,-156,2
46,62,75,28,6,-4,106,-93,8,92,-123,28,107,-98,-181,-89,-156,2
46,62,75,28,6,-8,101,-97,3,82,-127,28,107,-97,-182,-90,-156,2
46,62,75,28,6,-6,104,-94,6,86,-124,28,107,-97,-183,-90,-156,2
46,62,75,28,6,-3,109,-91,10,94,-122,28,107,-98,-178,-90,-157,2
46,62,75,28,6,-8,102,-96,5,83,-126,27,107,-97,-178,-91,-156,2
46,62,75,28,6,-5,105,-94,8,89,-124,27,107,-98,-179,-91,-157,2
46,62,75,28,6,-2,109,-91,9,93,-123,28,108,-98,-177,-89,-156,2
46,62,75,28,6,-8,102,-96,5,84,-127,28,107,-97,-176,-90,-157,2
46,62,75,28,6,-5,108,-93,8,92,-122,27,107,-99,-177,-90,-157,2
46,62,75,28,6,-2,108,-94,8,92,-124,28,107,-98,-175,-90,-157,2
46,62,75,28,6,-7,103,-97,6,85,-125,28,108,-97,-175,-91,-157,2
46,62,75,28,6,-3,110,-94,9,94,-122,27,107,-99,-175,-91,-157,2
46,62,75,28,6,-4,108,-97,7,87,-126,28,108,-98,-174,-90,-156,2
46,62,75,28,6,-7,104,-99,6,87,-126,28,108,-97,-174,-91,-157,2
46,62,75,28,6,-2,110,-96,8,93,-122,27,107,-98,-175,-91,-158,2
46,62,75,28,6,-6,104,-99,6,82,-126,28,108,-97,-175,-90,-157,2
46,62,75,28,6,-7,104,-98,6,89,-123,28,108,-97,-175,-91,-158,2
46,62,75,28,6,-2,109,-96,7,91,-122,27,107,-99,-175,-92,-159,2
46,62,75,28,6,-8,103,-102,4,81,-126,28,108,-97,-174,-90,-158,2
46,62,75,28,6,-4,108,-97,7,94,-121,27,108,-98,-174,-90,-158,2
46,62,75,28,6,-4,107,-97,7,86,-125,27,107,-98,-175,-90,-158,2
46,62,75,28,6,-8,101,-102,5,82,-127,28,108,-99,-175,-90,-158,2
46,62,75,28,6,-2,110,-96,8,94,-122,28,107,-99,-176,-90,-158,2
46,62,75,28,6,-6,104,-102,6,81,-127,27,107,-98,-175,-91,-158,2
46,62,75,28,6,-8,102,-100,5,83,-127,27,108,-98,-176,-90,-157,2
46,62,75,28,6,-3,109,-96,9,92,-123,27,107,-99,-176,-90,-158,2
46,62,75,28,6,-8,101,-100,5,80,-128,27,107,-98,-176,-91,-158,2
46,62,75,28,6,-7,103,-97,5,84,-126,27,108,-98,-176,-90,-158,2
46,62,75,28,6,-3,108,-93,9,90,-123,27,107,-98,-177,-90,-158,2
46,62,75,28,6,-8,101,-96,5,81,-127,27,108,-98,-176,-90,-158,2
46,62,75,28,6,-7,103,-95,6,84,-125,27,108,-99,-177,-90,-158,2
46,62,75,28,6,-5,106,-94,7,86,-125,27,107,-98,-176,-91,-159,2
46,62,75,28,6,-7,103,-97,5,82,-126,28,108,-98,-177,-91,-158,2
46,62,75,28,6,-6,104,-96,6,86,-124,27,107,-99,-176,-90,-158,2
46,62,75,28,6,-6,104,-98,5,81,-126,27,107,-99,-175,-90,-158,2
46,62,75,28,6,-7,104,-98,6,83,-126,28,108,-98,-176,-90,-157,2
46,62,75,28,6,-6,105,-98,7,87,-124,27,107,-98,-177,-90,-158,2
46,62,75,28,6,-9,101,-101,4,79,-128,27,107,-98,-177,-91,-158,2
46,62,75,28,6,-6,104,-99,6,85,-126,28,108,-98,-176,-91,-157,2
46,62,75,28,6,-5,105,-98,6,88,-123,27,107,-99,-176,-90,-157,2
46,62,75,28,6,-9,101,-101,4,81,-127,27,107,-98,-176,-90,-158,2
46,62,75,28,6,-6,106,-99,6,87,-125,27,108,-98,-176,-90,-157,2
46,62,75,28,6,-6,106,-97,7,92,-123,28,108,-98,-175,-90,-158,2
46,62,75,28,6,-9,101,-101,5,83,-127,27,107,-98,-176,-91,-158,2
46,62,75,28,6,-6,106,-100,6,88,-124,28,107,-98,-177,-91,-158,2
46,62,75,28,6,-3,110,-97,8,93,-123,27,108,-99,-174,-90,-158,2
46,62,75,28,6,-10,102,-103,5,84,-127,27,108,-98,-175,-90,-157,2
46,62,75,28,6,-5,107,-100,7,90,-124,28,108,-98,-175,-91,-159,2
46,62,75,28,6,-1,112,-99,8,93,-123,28,108,-98,-174,-90,-158,2
46,62,75,28,6,-7,102,-102,6,87,-125,28,108,-98,-174,-89,-157,2
46,62,75,28,6,-3,109,-96,9,94,-121,27,107,-99,-175,-91,-159,2
46,62,75,28,6,-4,108,-90,6,91,-121,28,107,-98,-175,-90,-157,2
46,62,75,28,6,-8,102,-93,6,85,-124,28,107,-98,-176,-90,-159,2
46,62,75,28,6,-2,109,-87,9,94,-119,27,107,-99,-176,-91,-160,2
46,62,75,28,6,-3,107,-86,8,88,-122,28,108,-97,-174,-90,-159,2
46,62,75,28,6,-6,103,-88,6,87,-122,28,108,-98,-175,-91,-158,2
46,62,75,28,6,-2,108,-84,10,92,-121,27,107,-98,-175,-91,-160,2
46,62,75,28,6,-4,104,-87,6,85,-125,28,108,-97,-176,-90,-158,2
46,62,75,28,6,-5,104,-89,6,87,-123,28,107,-97,-175,-91,-159,2
46,62,75,28,6,-2,109,-86,9,91,-122,27,107,-99,-176,-90,-159,2
46,62,75,28,6,-6,103,-91,5,85,-124,28,108,-97,-176,-89,-158,2
46,62,75,28,6,-5,105,-91,7,87,-124,27,107,-98,-176,-90,-159,2
46,62,75,28,6,-9,100,-94,4,80,-127,27,108,-98,-177,-90,-159,2
46,62,75,28,6,-6,104,-92,6,85,-124,28,108,-97,-176,-90,-158,2
46,62,75,28,6,-4,105,-92,8,89,-124,26,108,-98,-177,-90,-158,2
46,62,75,28,6,-8,101,-96,4,82,-127,27,107,-97,-176,-90,-159,2
46,62,75,28,6,-5,104,-92,7,86,-126,27,108,-98,-176,-90,-159,2
46,62,75,28,6,-2,108,-91,10,93,-122,27,107,-97,-176,-90,-158,2
46,62,75,28,6,-8,101,-96,5,82,-127,26,108,-97,-175,-90,-158,2
46,62,75,28,6,-5,105,-93,7,87,-124,28,107,-98,-175,-90,-159,2
46,62,75,28,6,-2,110,-91,9,93,-122,27,108,-97,-175,-89,-158,2
46,62,75,28,6,-8,102,-96,6,84,-126,27,108,-97,-175,-91,-158,2
46,62,75,28,6,-4,107,-93,9,92,-122,26,107,-98,-176,-90,-159,2
46,62,75,28,6,1,110,-94,10,92,-122,26,108,-97,-174,-90,-158,2
46,62,75,28,6,-6,103,-98,7,85,-127,28,108,-96,-172,-89,-157,2
46,62,75,28,6,-2,108,-91,8,95,-120,26,107,-99,-172,-91,-159,2
46,62,75,28,6,-2,107,-87,8,89,-120,24,108,-95,-181,-88,-159,2
46,62,75,28,6,-6,102,-89,6,86,-122,25,108,-95,-183,-90,-159,2
46,62,75,28,6,0,109,-85,11,93,-118,23,108,-96,-184,-89,-161,2
46,62,75,28,6,-2,105,-87,10,85,-123,24,108,-97,-182,-89,-160,2
46,62,75,28,6,-3,102,-89,10,87,-123,25,108,-96,-183,-89,-161,2
46,62,75,28,6,1,109,-88,13,92,-121,24,108,-97,-182,-89,-162,2
46,62,75,28,6,-5,103,-91,7,81,-124,25,108,-97,-180,-88,-161,2
46,62,75,28,6,-3,104,-90,10,91,-120,25,108,-97,-181,-88,-161,2
46,62,75,28,6,-2,107,-90,11,88,-121,24,108,-98,-181,-89,-161,2
46,62,75,28,6,-7,100,-93,6,81,-123,25,108,-97,-176,-89,-160,2
46,62,75,28,6,-3,106,-88,11,93,-119,25,108,-98,-178,-90,-161,2
46,62,75,28,6,-4,104,-92,7,84,-123,25,108,-98,-177,-89,-160,2
46,62,75,28,6,-8,102,-94,6,82,-125,25,108,-96,-176,-91,-160,2
46,62,75,28,6,-2,107,-89,11,93,-121,25,108,-97,-176,-89,-160,2
46,62,75,28,6,-7,103,-94,5,80,-126,26,108,-97,-176,-90,-161,2
46,62,75,28,6,-6,102,-95,6,83,-125,26,108,-97,-178,-89,-161,2
46,62,75,28,6,-1,107,-93,10,91,-122,25,107,-97,-178,-89,-160,2
46,62,75,28,6,-7,102,-98,6,81,-126,26,108,-97,-180,-89,-160,2
46,62,75,28,6,-6,103,-98,6,84,-125,24,108,-97,-179,-90,-160,2
46,62,75,28,6,-3,107,-94,9,89,-125,24,108,-96,-179,-90,-159,2
46,62,75,28,6,-8,102,-100,5,83,-125,26,107,-95,-180,-89,-158,2
46,62,75,28,6,-7,105,-101,4,87,-125,25,108,-95,-179,-89,-159,2
46,62,75,28,6,-8,104,-102,5,83,-126,25,108,-95,-179,-90,-158,2
46,62,75,28,6,-8,103,-101,5,85,-126,26,108,-94,-178,-89,-157,2
46,62,75,28,6,-6,105,-99,6,87,-125,25,108,-95,-177,-91,-158,2
46,62,75,28,6,-9,102,-103,5,80,-128,26,107,-95,-176,-90,-158,2
46,62,75,28,6,-7,105,-103,5,86,-125,27,107,-95,-175,-90,-158,2
46,62,75,28,6,-6,106,-101,7,88,-124,26,108,-96,-176,-91,-158,2
46,62,75,28,6,-10,101,-104,4,82,-127,27,107,-95,-177,-91,-158,2
46,62,75,28,6,-7,105,-101,6,87,-124,27,108,-95,-174,-90,-158,2
46,62,75,28,6,-6,106,-99,8,91,-122,27,108,-96,-175,-90,-159,2
46,62,75,28,6,-9,101,-103,5,83,-126,27,107,-96,-174,-90,-158,2
46,62,75,28,6,-6,106,-99,6,88,-124,28,108,-96,-175,-91,-159,2
46,62,75,28,6,-4,110,-97,8,94,-120,27,108,-96,-175,-90,-159,2
46,62,75,28,6,-9,102,-102,6,84,-125,27,107,-96,-174,-90,-158,2
46,62,75,28,6,-6,106,-101,7,90,-122,27,108,-96,-175,-91,-158,2
46,62,75,28,6,-2,111,-97,8,94,-122,27,107,-96,-175,-91,-158,2
46,62,75,28,6,-9,103,-103,5,85,-125,27,108,-96,-176,-90,-158,2
46,62,75,28,6,-4,109,-98,9,94,-121,27,107,-97,-177,-91,-158,2
46,62,75,28,6,-3,109,-96,9,92,-122,27,108,-96,-176,-91,-158,2
46,62,75,28,6,-8,104,-99,6,86,-124,27,108,-96,-176,-89,-157,2
46,62,75,28,6,-2,111,-96,9,96,-121,26,107,-97,-176,-91,-158,2
46,62,75,28,6,-8,104,-100,5,83,-126,27,108,-95,-175,-90,-157,2
46,62,75,28,6,-7,104,-100,5,86,-123,26,107,-96,-179,-91,-157,2
46,62,75,28,6,-7,104,-100,4,81,-126,26,107,-96,-179,-91,-159,2
46,62,75,28,6,-7,103,-98,6,84,-125,27,108,-96,-180,-90,-158,2
46,62,75,28,6,-6,105,-96,7,87,-123,27,108,-97,-175,-89,-159,2
46,62,75,28,6,-8,101,-99,4,79,-126,26,108,-97,-177,-91,-159,2
46,62,75,28,6,-7,104,-98,6,85,-124,27,107,-97,-178,-90,-159,2
46,62,75,28,6,-5,106,-98,7,87,-123,26,107,-96,-178,-90,-159,2
46,62,75,28,6,-10,100,-101,4,80,-127,26,108,-97,-178,-90,-158,2
46,62,75,28,6,-6,105,-98,7,86,-124,27,108,-96,-179,-90,-159,2
46,62,75,28,6,-4,108,-97,9,93,-120,27,107,-97,-179,-90,-159,2
46,62,75,28,6,-9,101,-102,5,83,-126,26,108,-96,-179,-90,-158,2
46,62,75,28,6,-6,105,-98,7,87,-123,27,108,-96,-178,-89,-158,2
46,62,75,28,6,-2,110,-98,10,94,-121,26,108,-96,-179,-90,-158,2
46,62,75,28,6,-8,102,-100,6,83,-126,25,108,-96,-179,-90,-158,2
46,62,75,28,6,-4,107,-98,9,91,-122,27,108,-96,-179,-90,-158,2
46,62,75,28,6,-2,110,-94,10,94,-121,27,108,-97,-176,-89,-157,2
46,62,75,28,6,-8,102,-98,6,85,-125,28,108,-96,-176,-90,-158,2
46,62,75,28,6,-4,108,-94,9,95,-120,27,107,-97,-178,-90,-159,2
46,62,75,28,6,-3,109,-95,9,92,-121,27,108,-96,-177,-90,-158,2
46,62,75,28,6,-7,103,-97,6,86,-124,28,108,-97,-179,-90,-158,2
46,62,75,28,6,-2,111,-95,10,95,-120,27,108,-97,-179,-90,-158,2
46,62,75,28,6,-4,108,-98,7,86,-125,27,108,-96,-178,-89,-158,2
46,62,75,28,6,-7,105,-100,6,88,-123,27,108,-96,-180,-89,-157,2
46,62,75,28,6,-2,110,-98,9,92,-122,25,107,-97,-181,-90,-158,2
46,62,75,28,6,-6,105,-104,6,82,-127,28,108,-96,-180,-89,-157,2
46,62,75,28,6,-5,106,-102,7,91,-123,28,107,-97,-180,-90,-157,2
46,62,75,28,6,-2,109,-99,8,89,-124,26,107,-97,-180,-89,-158,2
46,62,75,28,6,-8,102,-103,5,80,-126,27,107,-96,-179,-90,-158,2
46,62,75,28,6,-4,108,-100,8,94,-121,27,108,-96,-180,-90,-158,2
46,62,75,28,6,-5,106,-101,7,84,-126,26,108,-97,-180,-90,-159,2
46,62,75,28,6,-8,102,-102,6,82,-126,27,108,-96,-179,-89,-158,2
46,62,75,28,6,-3,109,-99,9,94,-122,27,107,-97,-179,-90,-159,2
46,62,75,28,6,-6,104,-102,6,82,-127,26,108,-97,-178,-90,-158,2
46,62,75,28,6,-9,102,-104,6,85,-126,27,107,-96,-177,-90,-158,2
46,62,75,28,6,-3,110,-100,7,91,-122,26,108,-97,-180,-89,-159,2
46,62,75,28,6,-9,101,-104,6,84,-126,27,108,-96,-179,-90,-159,2
46,62,75,28,6,-8,103,-102,6,86,-125,26,107,-98,-176,-91,-158,2
46,62,75,28,6,-4,108,-101,7,89,-123,26,108,-98,-175,-90,-158,2
46,62,75,28,6,-9,102,-103,6,85,-127,27,108,-96,-175,-90,-158,2
46,62,75,28,6,-8,103,-101,6,86,-124,26,107,-97,-178,-91,-158,2
46,62,75,28,6,-7,104,-103,5,84,-125,27,108,-97,-177,-90,-159,2
46,62,75,28,6,-8,103,-101,6,84,-125,27,107,-96,-177,-90,-157,2
46,62,75,28,6,-8,104,-98,6,87,-124,27,108,-97,-176,-90,-159,2
46,62,75,28,6,-8,103,-100,4,81,-127,27,107,-97,-176,-90,-159,2
46,62,75,28,6,-6,103,-97,7,84,-125,28,107,-96,-175,-91,-158,2
46,62,75,28,6,-6,105,-97,6,87,-123,28,107,-97,-178,-90,-158,2
46,62,75,28,6,-9,102,-99,4,79,-127,28,107,-97,-177,-90,-158,2
46,62,75,28,6,-6,104,-97,7,85,-124,28,107,-97,-177,-91,-159,2
46,62,75,28,6,-3,109,-95,8,91,-121,27,108,-98,-177,-90,-158,2
46,62,75,28,6,-8,103,-101,5,80,-125,28,108,-97,-181,-89,-158,2
46,62,75,28,6,-5,107,-98,9,95,-120,27,108,-97,-181,-90,-158,2
46,62,75,28,6,-3,108,-99,7,86,-123,27,107,-97,-181,-90,-158,2
46,62,75,28,6,-8,102,-101,5,80,-126,28,108,-97,-181,-89,-157,2
46,62,75,28,6,-3,109,-98,9,96,-120,27,107,-97,-181,-89,-157,2
46,62,75,28,6,-6,105,-100,6,81,-126,27,107,-97,-182,-90,-158,2
46,62,75,28,6,-8,103,-102,6,82,-125,27,108,-97,-182,-89,-157,2
46,62,75,28,6,-3,108,-99,8,92,-121,26,107,-97,-181,-89,-157,2
46,62,75,28,6,-7,103,-102,5,80,-126,27,107,-97,-182,-90,-157,2
46,62,75,28,6,-7,103,-101,7,83,-125,27,108,-97,-181,-89,-157,2
46,62,75,28,6,-3,108,-98,9,91,-123,27,108,-97,-181,-90,-158,2
46,62,75,28,6,-8,102,-100,6,82,-126,27,108,-97,-181,-90,-157,2
46,62,75,28,6,-6,103,-96,7,85,-124,27,108,-97,-181,-89,-157,2
46,62,75,28,6,-5,106,-94,8,87,-124,27,107,-98,-180,-90,-157,2
46,62,75,28,6,-8,103,-95,5,83,-125,27,107,-97,-181,-90,-157,2
46,62,75,28,6,-6,104,-98,6,85,-124,27,107,-97,-180,-90,-158,2
46,62,75,28,6,-6,104,-97,6,83,-126,27,108,-97,-180,-89,-157,2
46,62,75,28,6,-7,103,-97,5,83,-126,28,107,-97,-180,-88,-156,2
46,62,75,28,6,-6,104,-97,7,86,-124,27,107,-97,-181,-90,-157,2
46,62,75,28,6,-8,101,-100,5,78,-128,27,108,-97,-179,-90,-156,2
46,62,75,28,6,-7,104,-99,5,84,-125,28,108,-97,-180,-90,-155,2
46,62,75,28,6,-6,105,-100,7,88,-123,27,107,-97,-180,-89,-158,2
46,62,75,28,6,-10,100,-101,5,80,-127,27,108,-97,-182,-90,-158,2
46,62,75,28,6,-5,105,-99,7,86,-124,28,108,-97,-180,-90,-158,2
46,62,75,28,6,-5,105,-98,8,90,-122,27,107,-98,-178,-89,-158,2
46,62,75,28,6,-8,101,-102,6,81,-126,27,108,-98,-180,-90,-159,2
46,62,75,28,6,-6,106,-100,7,87,-122,27,108,-97,-181,-90,-158,2
46,62,75,28,6,-4,108,-98,9,94,-121,27,108,-98,-181,-90,-159,2
46,62,75,28,6,-9,102,-102,6,83,-125,27,108,-97,-178,-89,-157,2
46,62,75,28,6,-5,106,-100,8,88,-124,28,108,-98,-178,-91,-157,2
46,62,75,28,6,-2,110,-98,9,95,-120,27,107,-97,-178,-89,-157,2
46,62,75,28,6,-8,103,-102,7,84,-125,28,108,-97,-179,-90,-157,2
46,62,75,28,6,-5,108,-99,8,92,-121,28,108,-97,-179,-90,-158,2
46,62,75,28,6,-1,111,-98,8,93,-120,28,108,-97,-179,-90,-157,2
46,62,75,28,6,-7,103,-102,6,85,-125,28,108,-97,-177,-90,-157,2
46,62,75,28,6,-3,109,-98,8,94,-120,27,107,-97,-179,-91,-159,2
46,62,75,28,6,-3,109,-98,8,92,-121,27,108,-95,-178,-90,-158,2
46,62,75,28,6,-8,104,-102,6,86,-123,29,108,-96,-178,-89,-157,2
46,62,75,28,6,-1,111,-97,8,94,-120,27,107,-98,-178,-91,-159,2
46,62,75,28,6,-4,107,-100,6,87,-124,28,108,-96,-177,-90,-157,2
46,62,75,28,6,-7,104,-100,6,87,-123,29,108,-96,-177,-90,-156,2
46,62,75,28,6,-2,110,-96,8,93,-121,27,107,-98,-177,-90,-158,2
46,62,75,28,6,-6,104,-97,6,83,-125,29,108,-96,-177,-91,-158,2
46,62,75,28,6,-7,105,-97,7,88,-121,28,108,-97,-177,-90,-157,2
46,62,75,28,6,-2,109,-93,9,91,-122,28,107,-98,-177,-90,-158,2
46,62,75,28,6,-7,103,-97,5,80,-126,29,108,-96,-177,-90,-158,2
46,62,75,28,6,-5,106,-94,8,92,-121,28,108,-97,-176,-89,-158,2
46,62,75,28,6,-3,107,-93,8,88,-123,27,107,-97,-177,-89,-157,2
46,62,75,28,6,-9,102,-96,5,80,-125,29,107,-97,-177,-90,-158,2
46,62,75,28,6,-4,107,-90,9,94,-121,27,107,-98,-178,-90,-158,2
46,62,75,28,6,-6,105,-94,6,83,-125,26,107,-98,-176,-90,-158,2
46,62,75,28,6,-8,102,-96,5,82,-124,27,108,-98,-176,-90,-158,2
46,62,75,28,6,-3,110,-91,9,94,-121,27,107,-98,-176,-90,-159,2
46,62,75,28,6,-7,103,-95,4,80,-126,27,107,-97,-176,-91,-158,2
46,62,75,28,6,-8,102,-96,5,83,-124,27,107,-97,-176,-91,-159,2
46,62,75,28,6,-3,108,-92,8,92,-121,27,107,-97,-177,-90,-159,2
46,62,75,28,6,-9,102,-97,5,81,-125,27,108,-98,-176,-91,-158,2
46,62,75,28,6,-5,106,-93,8,91,-121,27,107,-97,-175,-90,-159,2
46,62,75,28,6,-2,110,-94,9,93,-119,27,108,-98,-175,-91,-158,2
46,62,75,28,6,-8,102,-97,6,85,-124,28,108,-98,-175,-90,-158,2
46,62,75,28,6,-3,108,-94,9,95,-119,26,108,-99,-176,-91,-159,2
46,62,75,28,6,-8,102,-100,6,83,-124,27,108,-98,-176,-90,-158,2
46,62,75,28,6,-7,104,-100,7,86,-124,26,108,-99,-176,-91,-158,2
46,62,75,28,6,-6,105,-100,6,84,-125,26,108,-98,-176,-90,-159,2
46,62,75,28,6,-8,103,-101,7,84,-125,27,108,-98,-176,-90,-159,2
46,62,75,28,6,-6,105,-100,7,87,-123,26,108,-99,-176,-90,-159,2
46,62,75,28,6,-9,101,-103,6,80,-126,27,107,-99,-176,-90,-159,2
46,62,75,28,6,-6,104,-101,5,86,-123,27,108,-98,-176,-89,-158,2
46,62,75,28,6,-6,105,-99,6,87,-122,27,108,-99,-178,-90,-160,2
46,62,75,28,6,-10,100,-102,5,81,-125,27,107,-99,-176,-89,-159,2
46,62,75,28,6,-6,104,-98,6,87,-123,28,108,-98,-175,-90,-159,2
46,62,75,28,6,-5,105,-95,7,89,-122,27,108,-99,-174,-90,-159,2
46,62,75,28,6,-9,101,-99,5,82,-125,26,108,-99,-175,-91,-159,2
46,62,75,28,6,-6,104,-95,7,87,-123,27,107,-98,-175,-90,-159,2
46,62,75,28,6,-4,107,-93,9,93,-121,27,108,-98,-174,-90,-159,2
46,62,75,28,6,-9,101,-97,5,82,-126,27,108,-98,-175,-90,-159,2
46,62,75,28,6,-6,105,-95,7,87,-124,27,107,-99,-176,-90,-160,2
46,62,75,28,6,-7,103,-97,6,81,-126,27,108,-98,-176,-90,-159,2
46,62,75,28,6,-8,102,-98,6,83,-125,27,108,-99,-175,-90,-158,2
46,62,75,28,6,-2,109,-95,9,92,-121,27,107,-99,-176,-90,-159,2
46,62,75,28,6,-8,102,-100,5,80,-127,27,108,-98,-176,-90,-159,2
46,62,75,28,6,-8,103,-100,6,84,-125,26,107,-98,-176,-90,-159,2
46,62,75,28,6,-3,107,-97,8,89,-123,26,107,-98,-176,-90,-159,2
46,62,75,28,6,-8,102,-100,6,82,-126,27,107,-98,-176,-90,-159,2
46,62,75,28,6,-7,104,-100,6,86,-124,26,107,-99,-176,-90,-159,2
46,62,75,28,6,-6,105,-100,6,83,-125,26,107,-99,-175,-90,-158,2
46,62,75,28,6,-8,103,-99,6,84,-125,27,108,-98,-176,-89,-158,2
46,62,75,28,6,-7,104,-97,7,86,-124,27,107,-98,-175,-90,-159,2
46,62,75,28,6,-7,102,-98,6,81,-127,26,108,-98,-175,-91,-158,2
46,62,75,28,6,-7,103,-97,6,85,-124,28,108,-98,-175,-90,-158,2
46,62,75,28,6,-6,105,-93,7,87,-123,27,107,-99,-175,-90,-159,2
46,62,75,28,6,-9,100,-97,4,80,-126,27,107,-98,-176,-90,-159,2
46,62,75,28,6,-6,103,-94,6,85,-123,28,108,-99,-177,-90,-158,2
46,62,75,28,6,-5,105,-93,8,89,-122,27,107,-99,-176,-90,-159,2
46,62,75,28,6,-9,101,-97,4,81,-125,27,107,-99,-176,-90,-158,2
46,62,75,28,6,-6,104,-94,7,87,-124,28,107,-99,-176,-90,-159,2
46,62,75,28,6,-4,107,-92,9,93,-120,27,107,-98,-176,-90,-159,2
46,62,75,28,6,-8,101,-96,5,83,-126,27,108,-98,-176,-90,-158,2
46,62,75,28,6,-5,105,-94,7,88,-122,28,107,-99,-177,-90,-158,2
46,62,75,28,6,-2,110,-92,9,95,-120,27,108,-98,-175,-89,-158,2
46,62,75,28,6,-8,103,-98,6,84,-125,27,108,-98,-176,-91,-158,2
46,62,75,28,6,-5,106,-95,8,91,-121,27,107,-99,-178,-91,-159,2
46,62,75,28,6,-2,110,-94,9,93,-120,27,108,-98,-175,-90,-159,2
46,62,75,28,6,-7,102,-98,6,85,-124,28,108,-98,-175,-90,-158,2
46,62,75,28,6,-2,109,-93,9,95,-119,27,108,-99,-176,-91,-159,2
46,62,75,28,6,-3,109,-96,8,90,-122,28,107,-98,-177,-89,-159,2
46,62,75,28,6,-7,104,-99,6,87,-124,28,108,-98,-177,-89,-158,2
46,62,75,28,6,-1,111,-95,8,94,-120,27,107,-99,-175,-90,-160,2
46,62,75,28,6,-5,105,-98,6,83,-125,28,108,-98,-176,-89,-158,2
46,62,75,28,6,-6,105,-99,7,88,-122,28,108,-98,-177,-90,-159,2
46,62,75,28,6,-2,110,-97,8,91,-121,27,107,-99,-177,-91,-160,2
46,62,75,28,6,-8,102,-102,5,81,-126,28,108,-98,-175,-90,-159,2
46,62,75,28,6,-4,108,-97,8,94,-120,28,108,-98,-177,-90,-159,2
46,62,75,28,6,-4,107,-100,7,86,-124,27,107,-99,-175,-90,-160,2
46,62,75,28,6,-9,101,-103,6,83,-125,28,108,-98,-176,-90,-159,2
46,62,75,28,6,-2,111,-99,8,94,-120,27,108,-99,-177,-90,-159,2
46,62,75,28,6,-6,103,-101,6,81,-127,27,108,-99,-177,-90,-159,2
46,62,75,28,6,-8,102,-102,6,84,-125,27,107,-99,-177,-90,-159,2
46,62,75,28,6,-3,109,-99,8,92,-122,26,106,-91,-178,-90,-159,2
46,62,75,28,6,-9,101,-102,5,82,-126,27,108,-98,-179,-90,-159,2
46,62,75,28,6,-7,103,-102,7,85,-124,27,107,-99,-178,-90,-159,2
46,62,75,28,6,-3,107,-99,7,88,-122,27,107,-99,-177,-90,-159,2
46,62,75,28,6,-8,102,-101,6,82,-125,27,108,-99,-177,-90,-159,2
46,62,75,28,6,-7,104,-101,6,86,-124,27,108,-100,-178,-90,-159,2
46,62,75,28,6,-6,103,-103,6,82,-126,27,107,-99,-179,-89,-159,2
46,62,75,28,6,-7,103,-102,6,85,-125,27,108,-98,-179,-90,-159,2
46,62,75,28,6,-6,105,-101,7,87,-123,27,108,-99,-178,-90,-158,2
46,62,75,28,6,-9,100,-104,6,80,-127,27,107,-99,-178,-89,-158,2
46,62,75,28,6,-7,104,-101,7,85,-124,28,108,-98,-179,-89,-157,2
46,62,75,28,6,-6,105,-98,7,88,-123,27,107,-99,-179,-90,-158,2
46,62,75,28,6,-9,100,-100,5,81,-125,27,107,-99,-179,-90,-158,2
46,62,75,28,6,-6,104,-97,7,87,-123,28,107,-99,-179,-89,-158,2
46,62,75,28,6,-4,108,-93,10,94,-120,28,108,-99,-178,-90,-158,2
46,62,75,28,6,-8,101,-97,6,82,-124,28,108,-99,-179,-90,-158,2
46,62,75,28,6,-6,105,-95,7,87,-123,28,108,-99,-179,-90,-159,2
46,62,75,28,6,-3,109,-94,10,96,-119,28,107,-99,-178,-89,-158,2
46,62,75,28,6,-8,102,-99,6,84,-123,28,108,-99,-179,-90,-158,2
46,62,75,28,6,-5,106,-96,9,91,-121,28,107,-99,-178,-90,-158,2
46,62,75,28,6,-2,110,-96,9,94,-121,28,108,-99,-178,-90,-158,2
46,62,75,28,6,-8,103,-99,6,85,-124,28,108,-98,-179,-89,-157,2
46,62,75,28,6,-3,109,-95,10,95,-120,27,107,-99,-179,-90,-159,2
46,62,75,28,6,-3,108,-98,9,89,-123,28,108,-98,-179,-89,-157,2
46,62,75,28,6,-6,104,-100,7,86,-123,28,108,-98,-178,-90,-157,2
46,62,75,28,6,-2,111,-97,9,94,-120,27,107,-100,-179,-90,-159,2
46,62,75,28,6,-6,104,-100,6,81,-125,27,108,-98,-178,-90,-158,2
46,62,75,28,6,-6,106,-99,8,91,-120,28,108,-99,-177,-89,-159,2
46,62,75,28,6,-3,108,-98,8,90,-122,27,107,-99,-178,-90,-159,2
46,62,75,28,6,-8,101,-101,5,80,-126,28,108,-98,-177,-90,-158,2
46,62,75,28,6,-4,108,-98,9,94,-120,28,108,-98,-178,-90,-158,2
46,62,75,28,6,-5,106,-99,7,85,-125,28,107,-99,-178,-90,-159,2
46,62,75,28,6,-8,102,-102,5,82,-125,28,107,-99,-178,-90,-158,2
46,62,75,28,6,-3,109,-97,9,94,-120,27,107,-99,-178,-91,-159,2
46,62,75,28,6,-7,103,-101,5,80,-126,28,107,-99,-178,-91,-159,2
46,62,75,28,6,-8,102,-101,5,83,-125,28,107,-99,-178,-89,-159,2
46,62,75,28,6,-3,108,-99,8,91,-121,27,107,-99,-178,-90,-159,2
46,62,75,28,6,-9,102,-101,5,81,-125,28,107,-99,-178,-90,-159,2
46,62,75,28,6,-7,104,-99,6,85,-124,28,107,-99,-178,-90,-159,2
46,62,75,28,6,-4,106,-97,7,86,-124,27,107,-99,-178,-90,-159,2
46,62,75,28,6,-7,103,-99,5,83,-124,28,107,-98,-178,-90,-159,2
46,62,75,28,6,-7,104,-96,5,86,-123,28,107,-99,-178,-90,-160,2
46,62,75,28,6,-6,104,-96,5,81,-126,27,107,-99,-179,-89,-160,2
46,62,75,28,6,-7,103,-97,5,84,-124,28,107,-97,-179,-89,-159,2
46,62,75,28,6,-3,110,-92,5,93,-121,25,108,-94,-178,-90,-159,2
46,62,75,28,6,-5,108,-94,-2,84,-129,4,92,-97,-177,-88,-158,2
46,62,75,28,6,-1,109,-93,5,94,-123,13,106,-85,-175,-88,-159,2
46,62,75,28,6,-4,109,-95,2,89,-126,10,106,-77,-177,-90,-160,2
46,62,75,28,6,-9,104,-97,0,86,-127,1,103,-76,-177,-89,-158,2
46,62,75,28,6,-3,108,-95,4,92,-125,1,101,-77,-178,-89,-160,2
46,62,75,28,6,-3,107,-92,2,89,-123,2,108,-76,-175,-89,-157,2
46,62,75,28,6,-6,104,-95,1,85,-123,-5,100,-73,-175,-91,-160,2
46,62,75,28,6,-2,109,-94,5,92,-124,-1,106,-74,-175,-89,-159,2
46,62,75,28,6,-3,108,-97,3,88,-128,-7,99,-70,-173,-90,-159,2
46,62,75,28,6,-7,104,-100,-1,85,-130,-4,103,-72,-174,-88,-160,2
46,62,75,28,6,-2,111,-97,3,91,-125,-7,97,-73,-176,-90,-160,2
46,62,75,28,6,-4,107,-100,2,86,-128,2,103,-78,-176,-90,-157,2
46,62,75,28,6,-3,110,-96,5,93,-122,5,106,-87,-176,-91,-158,2
46,62,75,28,6,-6,105,-96,3,85,-123,26,107,-88,-178,-92,-158,2
46,62,75,28,6,-7,103,-95,4,86,-122,21,107,-89,-177,-93,-157,2
46,62,75,28,6,-4,108,-93,4,93,-122,20,107,-88,-177,-92,-158,2
46,62,75,28,6,-5,103,-97,5,80,-127,28,108,-96,-184,-87,-158,2
46,62,75,28,6,-5,105,-97,5,89,-123,25,107,-93,-182,-90,-160,2
46,62,75,28,6,-2,109,-95,5,91,-120,23,107,-93,-179,-90,-161,2
46,62,75,28,6,-14,104,-100,-8,79,-128,14,99,-94,-181,-89,-161,2
46,62,75,28,6,-10,105,-92,-3,88,-120,-5,113,-92,-176,-89,-151,2
46,62,75,28,6,-12,103,-108,-4,81,-127,-36,119,-65,-172,-92,-153,2
46,62,75,28,6,-5,110,-101,4,89,-118,16,108,-86,-177,-91,-155,2
46,62,75,28,6,-1,107,-95,4,96,-113,7,99,-95,-180,-91,-156,2
46,62,75,28,6,3,99,-97,20,85,-101,-4,90,-106,-176,-89,-158,2
46,62,75,28,6,-2,102,-93,15,87,-117,8,108,-94,-183,-89,-166,2
46,62,75,28,6,-7,104,-94,2,97,-107,12,107,-91,-182,-87,-163,2
46,62,75,28,6,-8,103,-101,10,86,-121,14,105,-93,-174,-89,-156,2
46,62,75,28,6,-2,109,-95,10,91,-117,17,107,-93,-180,-91,-160,2
46,62,75,28,6,-11,101,-105,6,84,-128,18,108,-93,-178,-90,-158,2
46,62,75,28,6,-4,108,-102,4,86,-127,22,107,-97,-180,-89,-158,2
46,62,75,28,6,-8,102,-103,4,81,-129,23,107,-96,-178,-91,-158,2
46,62,75,28,6,-2,110,-98,8,93,-122,23,107,-96,-180,-90,-159,2
46,62,75,28,6,-5,105,-101,5,83,-128,23,107,-97,-178,-91,-159,2
46,62,75,28,6,-8,102,-99,4,81,-127,24,107,-97,-178,-90,-159,2
46,62,75,28,6,-4,98,-69,-5,9,-13,32,100,-81,-183,-95,-149,3
46,62,75,28,6,-5,95,-69,-1,11,-11,34,102,-80,-184,-95,-148,3
46,62,75,28,6,-8,90,-75,-3,4,-13,35,105,-76,-182,-92,-143,3
46,62,75,28,6,-6,97,-87,-9,5,-11,34,101,-77,-180,-94,-141,3
46,62,75,28,6,-8,111,-131,-12,11,-14,35,109,-78,-204,-90,-147,3
46,62,75,28,6,-4,112,-137,20,56,-30,23,106,-79,-268,-69,-161,3
46,62,75,28,6,-7,111,-144,13,57,-35,23,104,-76,-236,-80,-160,3
46,62,75,28,6,-6,94,-125,-7,66,-53,22,106,-70,-233,-86,-164,3
46,62,75,28,6,-9,96,-123,6,76,-71,24,102,-71,-228,-102,-167,3
46,62,75,28,6,-8,88,-99,2,83,-86,36,102,-67,-211,-103,-161,3
46,62,75,28,6,-10,94,-88,7,90,-99,42,98,-67,-197,-102,-158,3
46,62,75,28,6,-11,96,-79,11,90,-113,50,100,-62,-186,-90,-151,3
46,62,75,28,6,-10,83,-61,-2,9,-16,31,100,-79,-172,-98,-147,3
46,62,75,28,6,-5,87,-55,6,13,-9,32,101,-78,-171,-97,-145,3
46,62,75,28,6,-8,89,-61,2,9,-13,34,103,-75,-170,-94,-142,3
46,62,75,28,6,-9,91,-69,3,6,-11,33,102,-77,-178,-96,-145,3
46,62,75,28,6,-7,109,-85,6,6,-19,31,103,-78,-172,-97,-141,3
46,62,75,28,6,-5,139,-162,33,31,-16,27,108,-89,-204,-80,-146,3
46,62,75,28,6,-2,112,-138,12,55,-37,16,103,-74,-261,-57,-162,3
46,62,75,28,6,-12,85,-106,4,81,-74,23,104,-71,-217,-107,-169,3
46,62,75,28,6,-9,88,-109,15,82,-75,24,101,-68,-203,-107,-166,3
46,62,75,28,6,-8,86,-99,7,84,-94,26,101,-66,-199,-106,-159,3
46,62,75,28,6,-5,93,-82,17,90,-107,31,99,-67,-192,-102,-159,3
46,62,75,28,6,-8,99,-78,14,89,-112,42,100,-65,-175,-88,-148,3
46,62,75,28,6,-11,98,-80,13,87,-115,43,101,-63,-185,-87,-149,3
46,62,75,28,6,-7,89,-58,2,9,-13,39,97,-66,-190,-88,-159,3
46,62,75,28,6,-4,87,-60,2,9,-14,38,102,-79,-170,-94,-151,3
46,62,75,28,6,-6,91,-58,6,10,-10,36,99,-80,-171,-94,-150,3
46,62,75,28,6,-10,87,-65,3,7,-13,40,106,-75,-167,-93,-145,3
46,62,75,28,6,-6,93,-73,6,5,-11,36,100,-79,-170,-95,-147,3
46,62,75,28,6,-9,99,-92,2,3,-6,37,105,-75,-176,-95,-143,3
46,62,75,28,6,-4,144,-164,20,32,-11,33,101,-86,-205,-84,-146,3
46,62,75,28,6,-7,105,-131,-3,64,-49,31,108,-74,-222,-73,-155,3
46,62,75,28,6,-6,98,-126,0,63,-51,31,106,-70,-230,-95,-164,3
46,62,75,28,6,-9,84,-116,7,78,-70,26,102,-74,-230,-103,-170,3
46,62,75,28,6,-9,89,-102,10,84,-90,36,104,-65,-195,-107,-158,3
46,62,75,28,6,-9,94,-89,14,91,-101,33,98,-66,-193,-103,-159,3
46,62,75,28,6,-11,84,-58,2,8,-15,47,101,-62,-177,-88,-148,3
46,62,75,28,6,-9,88,-57,4,10,-10,35,102,-74,-171,-96,-147,3
46,62,75,28,6,-11,85,-61,2,7,-14,34,101,-77,-171,-98,-149,3
46,62,75,28,6,-8,90,-63,5,8,-11,33,101,-75,-172,-96,-145,3
46,62,75,28,6,-12,89,-76,3,5,-13,35,104,-74,-170,-95,-143,3
46,62,75,28,6,-10,106,-92,9,6,-13,30,101,-79,-180,-100,-145,3
46,62,75,28,6,-8,122,-146,30,27,-20,32,108,-80,-202,-79,-143,3
46,62,75,28,6,-6,107,-124,8,59,-38,18,103,-72,-228,-77,-159,3
46,62,75,28,6,-7,104,-136,5,59,-44,20,104,-71,-234,-87,-162,3
46,62,75,28,6,-5,95,-120,4,75,-63,22,107,-70,-226,-93,-162,3
46,62,75,28,6,-10,92,-105,12,85,-85,18,102,-70,-206,-105,-166,3
46,62,75,28,6,-6,89,-93,20,87,-97,31,104,-65,-190,-102,-155,3
46,62,75,28,6,-10,93,-81,8,89,-109,34,98,-64,-185,-98,-157,3
46,62,75,28,6,-9,101,-81,11,89,-118,43,99,-65,-184,-89,-154,3
46,62,75,28,6,-11,101,-84,12,88,-118,1,97,-65,-187,-90,-158,3
46,62,75,28,6,-10,87,-59,0,6,-15,40,96,-67,-186,-89,-157,3
46,62,75,28,6,-9,93,-59,4,8,-11,37,100,-80,-172,-94,-149,3
46,62,75,28,6,-10,88,-65,0,7,-15,41,106,-75,-170,-92,-145,3
46,62,75,28,6,-8,91,-65,5,9,-11,35,101,-81,-168,-94,-148,3
46,62,75,28,6,-11,88,-81,6,5,-14,39,106,-78,-173,-92,-141,3
46,62,75,28,6,-10,115,-114,8,11,-12,33,100,-84,-191,-96,-145,3
46,62,75,28,6,-11,128,-145,19,26,-21,34,109,-76,-217,-80,-149,3
46,62,75,28,6,-8,100,-130,12,65,-49,17,101,-71,-234,-85,-161,3
46,62,75,28,6,-9,98,-132,8,68,-53,16,102,-73,-232,-99,-167,3
46,62,75,28,6,-6,89,-117,4,77,-69,21,107,-70,-222,-100,-156,3
46,62,75,28,6,-7,92,-95,12,86,-86,20,101,-70,-199,-107,-164,3
46,62,75,28,6,-11,84,-81,35,89,-92,33,104,-65,-191,-100,-150,3
46,62,75,28,6,-14,96,-76,14,90,-110,40,98,-67,-184,-96,-157,3
46,62,75,28,6,-10,92,-70,2,7,-14,47,101,-63,-183,-87,-150,3
46,62,75,28,6,-8,95,-69,7,9,-10,36,101,-79,-176,-94,-153,3
46,62,75,28,6,-7,95,-72,6,8,-12,34,101,-80,-177,-92,-152,3
46,62,75,28,6,-12,95,-81,4,5,-15,37,104,-76,-178,-91,-151,3
46,62,75,28,6,-12,97,-83,5,9,-14,38,106,-74,-180,-90,-150,3
46,62,75,28,6,-10,96,-93,8,5,-13,32,102,-83,-190,-91,-155,3
46,62,75,28,6,-11,97,-94,6,5,-14,33,103,-83,-193,-93,-153,3
46,62,75,28,6,-11,92,-106,11,8,-15,35,107,-80,-192,-89,-149,3
46,62,75,28,6,-9,102,-122,12,13,-14,30,102,-82,-205,-95,-155,3
46,62,75,28,6,-11,97,-157,16,25,-21,34,109,-79,-237,-84,-159,3
46,62,75,28,6,-10,96,-156,17,29,-19,30,107,-82,-248,-86,-164,3
46,62,75,28,6,-8,99,-154,22,38,-23,25,104,-80,-245,-85,-165,3
46,62,75,28,6,-7,88,-143,15,41,-27,27,110,-76,-232,-85,-158,3
46,62,75,28,6,-6,100,-144,18,53,-36,18,103,-77,-232,-94,-166,3
46,62,75,28,6,-5,97,-141,17,51,-35,19,105,-78,-230,-93,-165,3
46,62,75,28,6,-6,99,-134,9,60,-40,24,110,-76,-225,-89,-157,3
46,62,75,28,6,-4,97,-125,12,70,-48,17,104,-76,-225,-90,-166,3
46,62,75,28,6,-7,105,-120,7,73,-57,25,109,-69,-211,-92,-152,3
46,62,75,28,6,-6,100,-105,7,80,-71,24,103,-73,-207,-90,-162,3
46,62,75,28,6,-7,99,-105,5,79,-74,27,103,-72,-201,-91,-159,3
46,62,75,28,6,-9,95,-96,9,83,-84,33,106,-67,-197,-91,-152,3
46,62,75,28,6,-11,98,-87,15,88,-94,31,100,-68,-197,-97,-160,3
46,62,75,28,6,-12,100,-84,14,90,-107,44,102,-65,-189,-90,-145,3
46,62,75,28,6,-11,101,-85,9,90,-112,44,96,-68,-191,-91,-157,3
46,62,75,28,6,-10,100,-84,13,86,-120,48,99,-65,-189,-88,-150,3
46,62,75,28,6,-7,94,-72,7,10,-11,45,96,-68,-189,-89,-159,3
46,62,75,28,6,-9,94,-75,6,9,-14,33,102,-77,-186,-94,-153,3
46,62,75,28,6,-7,97,-74,7,9,-10,34,103,-81,-184,-92,-151,3
46,62,75,28,6,-11,95,-86,6,5,-13,35,105,-77,-183,-92,-148,3
46,62,75,28,6,-6,102,-104,13,13,-17,30,101,-82,-194,-94,-150,3
46,62,75,28,6,-7,93,-125,5,15,-17,33,108,-79,-199,-94,-147,3
46,62,75,28,6,-6,104,-159,12,27,-15,27,103,-79,-239,-89,-161,3
46,62,75,28,6,-10,104,-164,7,24,-20,26,104,-77,-243,-77,-161,3
46,62,75,28,6,-9,102,-159,21,36,-24,26,107,-78,-240,-71,-159,3
46,62,75,28,6,-5,98,-146,12,60,-37,14,104,-74,-230,-87,-164,3
46,62,75,28,6,-5,93,-135,11,56,-40,15,105,-74,-225,-90,-160,3
46,62,75,28,6,-6,97,-124,10,64,-51,19,107,-72,-222,-90,-160,3
46,62,75,28,6,-5,98,-112,5,76,-67,16,103,-71,-208,-98,-160,3
46,62,75,28,6,-8,95,-102,6,80,-79,25,107,-67,-198,-93,-153,3
46,62,75,28,6,-9,92,-93,14,85,-86,26,101,-66,-192,-97,-159,3
46,62,75,28,6,-11,97,-83,11,86,-107,40,104,-65,-186,-94,-150,3
46,62,75,28,6,-10,94,-75,12,94,-105,40,98,-67,-180,-93,-159,3
46,62,75,28,6,-8,94,-72,6,12,-11,46,100,-63,-178,-88,-150,3
46,62,75,28,6,-6,89,-71,3,8,-14,34,106,-78,-181,-91,-145,3
46,62,75,28,6,-11,94,-75,7,6,-12,31,102,-83,-182,-92,-151,3
46,62,75,28,6,-10,93,-85,6,7,-14,35,106,-76,-178,-88,-146,3
46,62,75,28,6,-9,96,-92,10,7,-11,30,103,-83,-191,-94,-151,3
46,62,75,28,6,-14,107,-120,0,7,-13,31,105,-80,-191,-93,-148,3
46,62,75,28,6,-8,121,-146,31,29,-20,27,107,-84,-226,-80,-157,3
46,62,75,28,6,-5,95,-140,14,59,-39,20,107,-75,-233,-80,-158,3
46,62,75,28,6,-11,89,-142,9,58,-44,20,107,-73,-232,-95,-163,3
46,62,75,28,6,-7,95,-132,13,73,-52,16,105,-74,-235,-101,-172,3
46,62,75,28,6,-7,98,-124,8,76,-66,19,105,-72,-220,-97,-157,3
46,62,75,28,6,-8,98,-103,12,85,-88,24,102,-70,-209,-93,-164,3
46,62,75,28,6,-8,95,-103,12,85,-89,29,101,-68,-200,-93,-161,3
46,62,75,28,6,-8,96,-94,12,88,-101,35,103,-65,-197,-93,-150,3
46,62,75,28,6,-8,97,-86,12,94,-102,36,98,-67,-192,-92,-161,3
46,62,75,28,6,-7,102,-87,15,89,-117,44,98,-64,-186,-88,-148,3
46,62,75,28,6,-8,91,-66,5,8,-11,43,97,-64,-187,-90,-159,3
46,62,75,28,6,-7,93,-70,9,9,-11,36,100,-79,-177,-95,-151,3
46,62,75,28,6,-5,105,-107,1,86,-124,13,108,-92,-171,-93,-151,4
46,62,75,28,6,-13,113,-111,1,85,-129,9,113,-84,-174,-98,-150,4
46,62,75,28,6,-14,115,-114,1,86,-132,3,141,-84,-177,-92,-145,4
46,62,75,28,6,-9,109,-110,0,89,-126,-5,131,-89,-175,-87,-141,4
46,62,75,28,6,-19,107,-99,-8,86,-117,-4,132,-68,-172,-100,-145,4
46,62,75,28,6,-21,109,-98,-11,86,-115,88,114,-56,-175,-99,-144,4
46,62,75,28,6,6,119,-126,24,112,-68,32,116,-94,-174,-98,-143,4
46,62,75,28,6,-4,91,-99,22,52,-114,5,108,-90,-187,-89,-164,4
46,62,75,28,6,6,107,-90,-49,123,-13,-1,107,-85,-172,-104,-160,4
46,62,75,28,6,8,103,-117,30,52,-131,6,130,-80,-165,-71,-150,4
46,62,75,28,6,-5,100,-104,0,87,-115,63,21,-114,-183,-97,-143,4
46,62,75,28,6,-14,97,-106,1,86,-119,32,109,-84,-167,-109,-153,4
46,62,75,28,6,-16,124,-101,-11,102,-117,10,168,-76,-162,-111,-150,4
46,62,75,28,6,-11,107,-145,35,104,-78,-98,111,32,-151,-88,-138,4
46,62,75,28,6,-15,116,-137,7,97,-119,20,106,-104,-174,-100,-163,4
46,62,75,28,6,3,96,-105,25,41,-127,20,110,-99,-186,-101,-165,4
46,62,75,28,6,12,106,-149,28,22,-186,5,142,-87,-159,-72,-149,4
46,62,75,28,6,5,73,-144,14,76,-160,-55,244,-130,-166,-101,-145,4
46,62,75,28,6,-3,83,-111,-16,82,-111,104,51,-136,-173,-106,-149,4
46,62,75,28,6,-12,97,-100,-3,86,-118,16,74,-107,-164,-115,-155,4
46,62,75,28,6,11,73,-94,-10,107,-150,-78,156,-36,-155,-57,-135,4
46,62,75,28,6,4,90,-96,-7,103,-129,22,108,-98,-169,-95,-152,4
46,62,75,28,6,1,86,-91,1,59,-117,17,108,-106,-180,-96,-162,4
46,62,75,28,6,2,95,-91,-12,79,-73,9,110,-91,-178,-113,-162,4
46,62,75,28,6,-14,153,-92,3,152,-157,3,119,-78,-161,-81,-157,4
46,62,75,28,6,-8,80,-84,2,90,-109,100,4,-155,-204,-89,-159,4
46,62,75,28,6,-2,97,-96,9,85,-110,41,116,-88,-174,-103,-157,4
46,62,75,28,6,-14,115,-92,-18,105,-102,28,210,-75,-169,-103,-154,4
46,62,75,28,6,21,82,-133,19,125,-141,490,227,-114,-147,-76,-148,4
46,62,75,28,6,-13,82,-109,8,74,-124,47,106,-81,-184,-96,-164,4
46,62,75,28,6,7,85,-79,22,42,-125,7,104,-94,-167,-102,-170,4
46,62,75,28,6,8,132,-81,93,136,-112,4,125,-84,-189,-95,-169,4
46,62,75,28,6,-3,94,-108,-32,74,-143,42,255,-133,-168,-42,-147,4
46,62,75,28,6,-7,76,-95,-1,88,-119,86,3,-153,-185,-89,-162,4
46,62,75,28,6,-11,103,-99,-11,102,-112,32,132,-93,-158,-111,-169,4
46,62,75,28,6,-16,103,-95,-7,103,-127,-9,127,-98,-176,-62,-150,4
46,62,75,28,6,-21,122,-126,-10,94,-128,27,106,-109,-185,-90,-174,4
46,62,75,28,6,0,93,-91,25,34,-134,11,103,-104,-185,-94,-173,4
46,62,75,28,6,30,130,-93,15,85,-40,9,111,-88,-178,-104,-167,4
46,62,75,28,6,-3,73,-134,-15,93,-91,84,205,-88,-147,-62,-156,4
46,62,75,28,6,-5,75,-98,-5,93,-114,133,-12,-137,-188,-95,-161,4
46,62,75,28,6,-19,122,-98,-10,104,-104,18,188,-110,-159,-100,-162,4
46,62,75,28,6,-10,89,-158,38,155,-84,-52,133,32,-158,-84,-150,4
46,62,75,28,6,3,100,-96,27,31,-149,9,102,-107,-176,-101,-168,4
46,62,75,28,6,0,98,-96,34,41,-117,6,112,-93,-183,-94,-167,4
46,62,75,28,6,10,190,-131,56,152,-128,16,125,-82,-186,-88,-167,4
46,62,75,28,6,7,129,-122,13,63,-89,-177,248,-103,-166,-94,-132,4
46,62,75,28,6,-10,96,-103,2,86,-117,57,28,-139,-171,-99,-155,4
46,62,75,28,6,-12,132,-91,-32,110,-104,-53,231,3,-151,-101,-160,4
46,62,75,28,6,-1,86,-115,-5,78,-131,12,106,-103,-179,-98,-162,4
46,62,75,28,6,1,68,-92,-7,63,-141,-3,92,-114,-172,-103,-168,4
46,62,75,28,6,5,104,-96,45,82,-76,2,100,-105,-173,-109,-171,4
46,62,75,28,6,-10,160,-136,-106,202,78,33,139,-80,-164,-75,-163,4
46,62,75,28,6,-6,97,-101,-3,84,-118,46,-6,-164,-182,-102,-168,4
46,62,75,28,6,-10,105,-104,7,87,-117,29,158,-95,-158,-105,-159,4
46,62,75,28,6,-15,140,-92,-17,114,-102,-52,240,-11,-154,-103,-155,4
46,62,75,28,6,-8,65,-118,33,135,-172,15,76,-86,-150,-48,-152,4
46,62,75,28,6,5,108,-94,38,55,-91,-12,85,-118,-187,-107,-172,4
46,62,75,28,6,5,105,-98,-11,137,-4,6,116,-86,-186,-89,-167,4
46,62,75,28,6,4,151,-131,35,57,-113,5,122,-80,-178,-79,-164,4
46,62,75,28,6,2,119,-114,2,85,-102,-41,231,-125,-181,-111,-151,4
46,62,75,28,6,-21,102,-104,26,85,-120,54,41,-137,-174,-97,-154,4
46,62,75,28,6,-3,85,-152,-7,93,-178,285,134,-342,-157,-85,-157,4
46,62,75,28,6,14,72,-107,-24,134,-147,4,106,-99,-191,-93,-148,4
46,62,75,28,6,-3,71,-99,-3,61,-133,23,111,-96,-198,-89,-166,4
46,62,75,28,6,-6,100,-100,2,111,-69,8,111,-94,-173,-103,-175,4
46,62,75,28,6,-14,85,-104,-10,104,-116,78,249,-146,-162,-56,-144,4
46,62,75,28,6,5,111,-92,-9,80,-95,157,23,-130,-190,-97,-161,4
46,62,75,28,6,-7,97,-98,1,85,-115,82,9,-154,-189,-87,-160,4
46,62,75,28,6,-8,119,-94,-11,109,-94,14,230,-41,-165,-99,-160,4
46,62,75,28,6,-13,114,-142,10,92,-128,22,101,-109,-181,-106,-151,4
46,62,75,28,6,-5,87,-116,5,80,-124,19,109,-103,-176,-90,-167,4
46,62,75,28,6,5,96,-93,28,43,-121,12,110,-98,-169,-100,-169,4
46,62,75,28,6,0,143,-81,88,136,-125,5,113,-89,-173,-96,-168,4
46,62,75,28,6,-7,88,-100,-7,92,-105,130,59,-152,-183,-91,-164,4
46,62,75,28,6,0,90,-95,-8,87,-112,-3,97,-101,-169,-101,-161,4
46,62,75,28,6,-8,106,-92,11,98,-104,63,118,-72,-166,-98,-160,4
46,62,75,28,6,-19,131,-121,29,139,-53,-232,161,64,-146,-84,-157,4
46,62,75,28,6,-7,92,-92,13,47,-122,14,108,-109,-174,-86,-169,4
46,62,75,28,6,-3,98,-90,27,44,-120,17,109,-99,-175,-105,-173,4
46,62,75,28,6,9,112,-98,-62,121,-2,10,106,-95,-177,-102,-171,4
46,62,75,28,6,-5,91,-123,-21,83,-158,10,157,-77,-159,-71,-147,4
46,62,75,28,6,-5,97,-97,-6,82,-125,46,29,-147,-162,-91,-156,4
46,62,75,28,6,-11,99,-99,3,88,-117,42,184,-99,-158,-101,-167,4
46,62,75,28,6,-17,128,-92,-23,104,-110,-48,260,-4,-148,-101,-164,4
46,62,75,28,6,4,62,-117,35,127,-131,-38,129,-56,-142,-53,-157,4
46,62,75,28,6,-1,90,-91,36,35,-113,11,109,-104,-171,-95,-165,4
46,62,75,28,6,4,94,-85,33,50,-101,-7,86,-114,-177,-106,-170,4
46,62,75,28,6,8,124,-80,64,121,-105,-6,94,-108,-172,-100,-172,4
46,62,75,28,6,-8,72,-119,-5,89,-104,44,206,-107,-141,-59,-141,4
46,62,75,28,6,0,88,-95,-2,84,-114,102,4,-131,-194,-81,-155,4
46,62,75,28,6,-8,167,-136,-43,126,-112,-278,171,45,-143,-95,-158,4
46,62,75,28,6,-23,138,-139,8,134,-58,2,109,-28,-166,-46,-149,4
46,62,75,28,6,-22,124,-111,-10,102,-126,-27,81,-135,-176,-83,-149,4
46,62,75,28,6,9,112,-99,-22,139,17,13,111,-89,-181,-106,-169,4
46,62,75,28,6,11,116,-96,-89,114,24,19,124,-71,-166,-88,-169,4
46,62,75,28,6,3,92,-147,90,-11,-243,3,153,-89,-155,-77,-157,4
46,62,75,28,6,-8,76,-112,-6,81,-117,4,56,-117,-178,-111,-152,4
46,62,75,28,6,-13,119,-92,-28,96,-118,-86,268,43,-144,-102,-161,4
46,62,75,28,6,-11,118,-90,-35,123,-111,477,198,-374,-155,-77,-159,4
46,62,75,28,6,9,64,-108,7,114,-160,16,97,-87,-145,-51,-164,4
46,62,75,28,6,-7,83,-90,6,55,-124,17,103,-110,-187,-93,-175,4
46,62,75,28,6,6,99,-96,-26,116,-41,9,109,-94,-173,-106,-166,4
46,62,75,28,6,3,146,-146,-8,75,-81,0,129,-79,-170,-90,-170,4
46,62,75,28,6,8,106,-120,-12,81,-119,-57,180,-146,-155,-102,-142,4
46,62,75,28,6,-15,119,-97,-16,96,-94,13,225,-49,-150,-105,-164,4
46,62,75,28,6,-18,121,-97,-35,100,-98,-190,144,62,-159,-87,-156,4
46,62,75,28,6,0,98,-151,-2,131,-143,485,169,-357,-161,-87,-154,4
46,62,75,28,6,-3,82,-103,4,57,-126,21,104,-94,-176,-95,-162,4
46,62,75,28,6,-15,133,-62,137,197,-117,-1,117,-82,-184,-102,-174,4
46,62,75,28,6,-21,178,-141,-71,154,-7,94,243,-141,-150,-53,-157,4
46,62,75,28,6,17,126,-98,38,81,-90,-34,223,-70,-156,-63,-134,4
46,62,75,28,6,-4,114,-97,0,99,-98,54,178,-64,-144,-106,-167,4
46,62,75,28,6,-9,124,-96,-32,101,-99,-227,157,103,-157,-98,-160,4
46,62,75,28,6,-6,107,-152,41,125,-112,56,143,-222,-166,-87,-156,4
46,62,75,28,6,-7,85,-107,-4,75,-122,19,108,-102,-167,-100,-162,4
46,62,75,28,6,16,121,-93,21,89,-59,0,110,-91,-182,-103,-172,4
46,62,75,28,6,-2,121,-82,30,60,-99,1,153,-73,-155,-86,-157,4
46,62,75,28,6,-20,77,-112,-54,84,-117,15,239,-100,-137,-57,-162,4
46,62,75,28,6,-10,85,-93,-6,90,-115,124,-2,-138,-195,-87,-163,4
46,62,75,28,6,-16,122,-90,-12,108,-107,9,187,-90,-148,-103,-167,4
46,62,75,28,6,-12,125,-124,-1,106,-123,27,104,-91,-178,-104,-150,4
46,62,75,28,6,-7,99,-116,7,90,-118,-1,96,-105,-173,-90,-168,4
46,62,75,28,6,-2,98,-95,31,26,-120,5,94,-105,-172,-97,-164,4
46,62,75,28,6,19,138,-79,-8,6,-109,-1,109,-95,-178,-98,-168,4
46,62,75,28,6,-14,87,-104,-29,98,-134,45,247,-147,-157,-61,-150,4
46,62,75,28,6,-17,105,-104,-11,92,-118,44,105,-97,-157,-102,-161,4
46,62,75,28,6,-13,121,-107,2,103,-103,-205,203,70,-142,-96,-152,4
46,62,75,28,6,-21,110,-124,41,106,-67,-187,156,106,-153,-92,-151,4
46,62,75,28,6,-10,91,-100,30,39,-126,6,108,-96,-175,-95,-161,4
46,62,75,28,6,-1,93,-94,32,31,-134,5,108,-88,-178,-106,-162,4
46,62,75,28,6,24,122,-87,3,95,-42,-6,103,-95,-179,-105,-164,4
46,62,75,28,6,-28,72,-125,-71,96,-110,29,216,-96,-154,-53,-159,4
46,62,75,28,6,-6,78,-95,-28,83,-117,97,10,-131,-185,-89,-152,4
46,62,75,28,6,-19,152,-105,-50,151,-96,-159,189,69,-147,-102,-151,4
46,62,75,28,6,-24,159,-155,17,135,-66,52,77,-95,-156,-42,-149,4
46,62,75,28,6,-21,119,-130,-19,107,-127,-7,106,-116,-186,-82,-137,4
46,62,75,28,6,4,103,-98,-36,112,-22,13,110,-95,-175,-100,-161,4
46,62,75,28,6,13,102,-94,-72,125,18,-5,117,-96,-170,-95,-162,4
46,62,75,28,6,-8,138,-127,-101,197,101,2,132,-81,-165,-79,-161,4
46,62,75,28,6,-1,122,-114,1,76,-102,-38,232,-138,-177,-93,-138,4
46,62,75,28,6,-10,120,-90,-3,104,-101,-65,184,-53,-144,-106,-158,4
46,62,75,28,6,-17,117,-91,-17,107,-99,-149,140,53,-163,-87,-150,4
46,62,75,28,6,11,78,-145,-2,124,-131,127,147,-297,-158,-85,-148,4
46,62,75,28,6,-2,80,-103,0,76,-121,5,111,-101,-184,-92,-160,4
46,62,75,28,6,-3,96,-93,19,67,-92,7,109,-100,-166,-107,-165,4
46,62,75,28,6,-16,157,-91,49,123,-139,-2,117,-90,-174,-89,-162,4
46,62,75,28,6,-1,85,-90,-18,85,-116,117,33,-111,-185,-90,-157,4
46,62,75,28,6,6,92,-95,1,85,-111,32,107,-74,-169,-107,-162,4
46,62,75,28,6,-12,106,-97,1,102,-107,39,129,-74,-164,-104,-164,4
46,62,75,28,6,-24,130,-131,30,124,-63,-145,138,63,-158,-82,-149,4
46,62,75,28,6,-9,87,-100,20,60,-118,13,109,-98,-181,-81,-170,4
46,62,75,28,6,-3,94,-105,28,52,-120,8,110,-95,-170,-107,-168,4
46,62,75,28,6,16,113,-100,-58,125,7,7,110,-89,-168,-103,-171,4
46,62,75,28,6,9,129,-97,-7,77,-111,-85,261,-76,-160,-92,-148,4
46,62,75,28,6,1,119,-143,3,86,-112,79,5,-146,-191,-86,-161,4
46,62,75,28,6,-16,98,-103,7,85,-121,52,27,-141,-169,-96,-164,4
46,62,75,28,6,-29,128,-94,-41,133,-114,-101,264,37,-148,-101,-156,4
46,62,75,28,6,-3,87,-95,-7,75,-115,25,110,-99,-169,-101,-172,4
46,62,75,28,6,-14,80,-92,1,61,-130,6,110,-99,-182,-96,-165,4
46,62,75,28,6,0,92,-92,22,70,-95,2,109,-98,-178,-104,-163,4
46,62,75,28,6,-16,161,-133,-31,172,-95,12,129,-79,-183,-83,-165,4
46,62,75,28,6,1,97,-105,-6,85,-122,51,4,-134,-183,-93,-164,4
46,62,75,28,6,-5,104,-113,8,87,-110,19,98,-85,-160,-101,-159,4
46,62,75,28,6,-6,129,-102,-4,101,-98,-16,159,-51,-150,-101,-157,4
46,62,75,28,6,-7,88,-144,38,94,-119,39,90,-192,-161,-90,-150,4
46,62,75,28,6,-5,101,-105,33,50,-129,11,109,-97,-165,-89,-166,4
46,62,75,28,6,-4,94,-94,43,49,-119,7,110,-99,-177,-101,-167,4
46,62,75,28,6,21,120,-93,-53,87,-37,1,113,-101,-177,-99,-167,4
46,62,75,28,6,10,76,-135,-62,104,-68,36,202,-91,-159,-76,-165,4
46,62,75,28,6,-7,79,-95,0,92,-105,119,-12,-130,-177,-96,-160,4
46,62,75,28,6,-26,112,-94,5,104,-107,42,123,-92,-156,-97,-162,4
46,62,75,28,6,-16,131,-149,17,111,-80,-174,144,63,-171,-82,-155,4
46,62,75,28,6,2,97,-95,18,39,-131,16,108,-105,-179,-82,-166,4
46,62,75,28,6,4,94,-92,17,31,-133,7,111,-88,-180,-102,-168,4
46,62,75,28,6,19,119,-91,1,98,-49,-1,111,-92,-181,-102,-168,4
46,62,75,28,6,-14,63,-122,-54,87,-113,12,194,-90,-140,-63,-162,4
46,62,75,28,6,-18,100,-101,2,89,-124,38,87,-104,-161,-101,-161,4
46,62,75,28,6,-17,107,-102,-9,99,-114,-58,278,40,-147,-99,-160,4
46,62,75,28,6,-2,165,-147,-25,129,-77,-234,189,55,-147,-98,-156,4
46,62,75,28,6,-8,90,-97,21,41,-129,7,111,-110,-174,-87,-170,4
46,62,75,28,6,-2,94,-95,25,37,-130,11,110,-97,-175,-100,-166,4
46,62,75,28,6,12,110,-94,-111,142,65,8,108,-90,-183,-101,-165,4
46,62,75,28,6,10,99,-158,64,12,-199,-3,150,-86,-161,-82,-157,4
46,62,75,28,6,-8,88,-120,-16,86,-116,73,58,-141,-168,-114,-146,4
46,62,75,28,6,-15,114,-90,-8,105,-86,-102,286,98,-139,-107,-157,4
46,62,75,28,6,1,124,-79,-13,146,-81,60,111,-60,-157,-78,-152,4
46,62,75,28,6,0,93,-84,-4,107,-125,-45,118,-44,-155,-54,-153,4
46,62,75,28,6,0,95,-93,16,52,-129,4,108,-106,-183,-91,-164,4
46,62,75,28,6,-15,155,-137,-7,97,23,3,132,-82,-177,-88,-162,4
46,62,75,28,6,8,106,-148,97,9,-207,82,210,-142,-147,-64,-149,4
46,62,75,28,6,-2,121,-128,-1,89,-121,-81,210,-149,-153,-106,-155,4
46,62,75,28,6,-14,119,-99,-14,102,-107,-19,205,-62,-156,-102,-169,4
46,62,75,28,6,-11,127,-102,-32,100,-110,-134,150,100,-155,-84,-156,4
46,62,75,28,6,-8,81,-125,44,106,-106,189,126,-148,-150,-71,-157,4
46,62,75,28,6,-4,93,-106,1,81,-116,19,106,-109,-178,-110,-164,4
46,62,75,28,6,3,93,-94,41,64,-102,8,108,-97,-176,-104,-159,4
46,62,75,28,6,-28,152,-94,37,121,-169,3,113,-86,-169,-99,-172,4
46,62,75,28,6,-6,87,-97,-16,83,-121,112,4,-135,-200,-78,-155,4
46,62,75,28,6,-7,84,-89,-14,87,-117,48,99,-83,-154,-104,-167,4
46,62,75,28,6,-19,111,-96,-6,104,-110,53,133,-78,-149,-106,-173,4
46,62,75,28,6,-20,114,-145,18,106,-91,-70,135,22,-166,-78,-155,4
46,62,75,28,6,-17,133,-123,-17,95,-123,9,108,-106,-174,-113,-161,4
46,62,75,28,6,2,95,-92,28,44,-125,15,109,-100,-172,-85,-164,4
46,62,75,28,6,-13,136,-119,7,132,-21,-7,135,-86,-157,-87,-161,4
46,62,75,28,6,4,115,-156,21,34,-172,70,216,-147,-143,-67,-156,4
46,62,75,28,6,-2,112,-125,24,87,-101,-64,169,-131,-156,-105,-147,4
46,62,75,28,6,-13,117,-98,-10,99,-109,-21,203,-37,-141,-109,-167,4
46,62,75,28,6,-13,117,-95,-12,98,-106,-118,137,53,-169,-82,-153,4
46,62,75,28,6,-16,86,-137,16,108,-100,240,84,-254,-171,-81,-149,4
46,62,75,28,6,3,96,-94,32,41,-127,9,109,-103,-179,-91,-161,4
46,62,75,28,6,8,90,-87,36,45,-123,6,108,-94,-181,-102,-167,4
46,62,75,28,6,12,118,-94,-2,98,-81,4,113,-91,-174,-99,-168,4
46,62,75,28,6,-15,65,-126,-26,87,-110,11,181,-93,-126,-68,-159,4
46,62,75,28,6,-18,97,-100,1,85,-110,35,85,-113,-169,-105,-169,4
46,62,75,28,6,-14,100,-99,2,89,-105,-90,222,32,-137,-108,-161,4
46,62,75,28,6,0,157,-105,-18,142,-78,-213,163,47,-143,-101,-157,4
46,62,75,28,6,-12,123,-114,-16,108,-119,-6,102,-126,-166,-76,-149,4
46,62,75,28,6,6,104,-95,-55,149,36,8,109,-91,-182,-106,-170,4
46,62,75,28,6,17,108,-95,-26,103,4,2,116,-84,-170,-92,-168,4
46,62,75,28,6,10,131,-137,35,39,-145,-13,131,-78,-162,-86,-162,4
46,62,75,28,6,-3,111,-127,-5,88,-118,-1,142,-171,-168,-103,-137,4
46,62,75,28,6,-10,122,-94,-25,102,-106,-22,247,19,-148,-109,-161,4
46,62,75,28,6,-14,119,-94,-15,104,-101,27,125,-127,-153,-87,-159,4
46,62,75,28,6,-6,72,-122,-69,45,-181,-146,209,41,-150,-72,-158,4
46,62,75,28,6,-5,85,-99,-1,71,-115,20,107,-111,-191,-91,-165,4
46,62,75,28,6,8,94,-90,23,69,-99,13,108,-107,-166,-106,-169,4
46,62,75,28,6,-14,123,-79,37,42,-138,1,111,-86,-159,-97,-173,4
46,62,75,28,6,-10,88,-104,-15,84,-116,37,30,-139,-199,-105,-151,4
46,62,75,28,6,-8,87,-94,-7,88,-114,42,44,-149,-142,-109,-167,4
46,62,75,28,6,-17,102,-100,-7,80,-117,26,100,-122,-149,-113,-168,4
46,62,75,28,6,1,160,-127,-1,141,-81,-222,165,51,-165,-85,-149,4
46,62,75,28,6,-1,85,-98,14,59,-116,12,110,-102,-199,-83,-169,4
46,62,75,28,6,0,92,-99,18,55,-117,14,108,-100,-168,-105,-163,4
46,62,75,28,6,3,110,-104,-22,101,-43,14,110,-92,-169,-104,-169,4
46,62,75,28,6,4,130,-122,30,68,-128,4,131,-82,-158,-87,-173,4
46,62,75,28,6,-12,96,-102,-12,81,-125,71,6,-137,-178,-87,-168,4
46,62,75,28,6,-13,96,-104,0,82,-123,30,97,-101,-150,-109,-165,4
46,62,75,28,6,-15,131,-102,-10,103,-110,28,185,-78,-148,-106,-164,4
46,62,75,28,6,-10,92,-146,40,122,-114,99,126,-221,-170,-73,-147,4
46,62,75,28,6,2,98,-99,33,36,-135,10,110,-104,-168,-106,-169,4
46,62,75,28,6,7,93,-86,43,41,-122,7,111,-94,-176,-102,-171,4
46,62,75,28,6,10,128,-92,-10,78,-89,4,114,-91,-174,-96,-173,4
46,62,75,28,6,-1,73,-110,-37,81,-120,36,234,-120,-138,-49,-150,4
46,62,75,28,6,-6,88,-95,-16,80,-123,86,2,-114,-181,-80,-161,4
46,62,75,28,6,-5,174,-135,-43,144,-99,-246,170,56,-163,-90,-153,4
46,62,75,28,6,-20,130,-111,12,127,-53,0,95,-75,-165,-51,-151,4
46,62,75,28,6,-16,128,-109,-19,108,-128,-3,101,-113,-179,-89,-149,4
46,62,75,28,6,-11,92,-94,35,30,-130,16,109,-92,-172,-91,-169,4
46,62,75,28,6,3,101,-151,58,11,-203,3,158,-76,-164,-71,-156,4
46,62,75,28,6,-12,73,-136,-25,80,-142,-14,211,-153,-162,-97,-148,4
46,62,75,28,6,-12,86,-116,-5,84,-122,51,39,-131,-167,-115,-150,4
46,62,75,28,6,-25,121,-95,-21,108,-111,-138,293,89,-152,-98,-158,4
46,62,75,28,6,-10,127,-88,0,135,-78,153,113,-208,-150,-78,-155,4
46,62,75,28,6,-4,84,-109,-10,112,-128,9,82,-122,-154,-66,-161,4
46,62,75,28,6,-3,94,-96,19,56,-126,15,107,-105,-181,-87,-169,4
46,62,75,28,6,12,112,-98,-54,130,25,5,105,-97,-164,-100,-169,4
46,62,75,28,6,15,106,-137,80,2,-201,0,139,-87,-161,-86,-160,4
46,62,75,28,6,-12,97,-102,-2,90,-120,30,24,-147,-162,-91,-168,4
46,62,75,28,6,-11,96,-105,-6,86,-120,19,165,-107,-158,-97,-165,4
46,62,75,28,6,-18,125,-97,-27,98,-115,-63,249,-27,-153,-99,-163,4
46,62,75,28,6,3,61,-106,-5,99,-148,-67,127,-94,-151,-57,-163,4
46,62,75,28,6,0,94,-86,27,39,-126,5,108,-98,-179,-95,-165,4
46,62,75,28,6,-1,93,-88,32,58,-106,-5,103,-95,-172,-105,-168,4
46,62,75,28,6,-4,128,-80,34,72,-119,-14,95,-102,-168,-101,-170,4
46,62,75,28,6,-17,79,-108,-21,96,-121,35,223,-129,-145,-67,-154,4
46,62,75,28,6,-12,100,-98,0,84,-113,36,96,-90,-157,-102,-167,4
46,62,75,28,6,-16,104,-95,-4,93,-113,-149,241,39,-145,-105,-162,4
46,62,75,28,6,-11,150,-113,-18,135,-82,-208,169,63,-148,-95,-161,4
46,62,75,28,6,-8,113,-110,-22,110,-121,8,114,-101,-171,-75,-153,4
46,62,75,28,6,6,105,-100,-29,134,-25,15,109,-94,-171,-100,-167,4
46,62,75,28,6,11,104,-90,-115,137,50,3,116,-86,-173,-97,-168,4
46,62,75,28,6,18,116,-128,34,28,-176,7,134,-77,-169,-82,-164,4
46,62,75,28,6,-5,113,-128,3,85,-112,1,161,-149,-165,-117,-156,4
46,62,75,28,6,-18,121,-95,-23,101,-113,-40,256,-38,-154,-102,-166,4
46,62,75,28,6,-22,127,-96,-27,104,-117,-100,124,23,-149,-81,-159,4
46,62,75,28,6,1,68,-128,36,119,-133,-98,164,23,-145,-67,-162,4
46,62,75,28,6,3,77,-93,-5,62,-128,24,108,-104,-175,-100,-172,4
46,62,75,28,6,10,105,-99,25,96,-89,12,110,-99,-168,-108,-166,4
46,62,75,28,6,-15,146,-124,-51,124,-2,9,127,-77,-160,-91,-168,4
46,62,75,28,6,-11,94,-94,6,85,-112,94,6,-132,-187,-84,-162,4
46,62,75,28,6,-12,91,-91,-3,88,-126,65,129,-66,-152,-103,-169,4
46,62,75,28,6,-16,122,-83,-25,109,-105,-23,225,-48,-147,-102,-167,4
46,62,75,28,6,6,70,-124,-70,-5,-211,304,135,-184,-151,-73,-152,4
46,62,75,28,6,8,95,-89,36,38,-121,16,106,-112,-165,-94,-167,4
46,62,75,28,6,10,91,-88,34,57,-105,12,112,-90,-180,-101,-168,4
46,62,75,28,6,-2,133,-82,86,137,-122,8,117,-87,-178,-104,-168,4
46,62,75,28,6,5,103,-105,1,89,-79,102,259,-144,-140,-58,-142,4
46,62,75,28,6,-8,93,-96,-8,83,-118,99,-5,-129,-175,-83,-161,4
46,62,75,28,6,-21,110,-116,34,121,-68,-221,163,46,-166,-74,-155,4
46,62,75,28,6,-1,96,-134,47,96,-100,10,93,-105,-167,-85,-160,4
46,62,75,28,6,-15,117,-120,6,95,-121,18,107,-105,-169,-110,-165,4
46,62,75,28,6,7,91,-85,24,35,-119,17,107,-100,-170,-95,-167,4
46,62,75,28,6,13,126,-75,66,97,-109,5,113,-90,-171,-101,-172,4
46,62,75,28,6,-13,74,-111,-5,98,-115,40,225,-124,-145,-56,-149,4
46,62,75,28,6,-13,96,-94,-3,87,-110,38,113,-108,-160,-104,-164,4
46,62,75,28,6,-9,107,-97,-5,100,-109,-196,212,69,-145,-101,-162,4
46,62,75,28,6,-8,148,-130,-15,119,-83,-230,160,70,-149,-85,-161,4
46,62,75,28,6,-21,129,-119,-7,100,-131,-9,110,-124,-170,-92,-154,4
46,62,75,28,6,9,109,-93,-89,143,54,8,109,-90,-177,-105,-171,4
46,62,75,28,6,21,114,-91,-13,99,-30,4,128,-81,-168,-85,-165,4
46,62,75,28,6,3,102,-144,61,23,-208,0,150,-81,-152,-80,-156,4
46,62,75,28,6,-13,83,-112,1,85,-112,110,62,-138,-177,-111,-152,4
46,62,75,28,6,-22,130,-99,-20,116,-111,-163,274,43,-140,-108,-162,4
46,62,75,28,6,-4,166,-114,-32,145,-101,-128,145,78,-119,-57,-165,4
46,62,75,28,6,-2,78,-109,-13,107,-133,-12,142,-71,-134,-56,-154,4
46,62,75,28,6,-6,84,-94,14,48,-121,2,112,-110,-186,-91,-173,4
46,62,75,28,6,4,107,-99,-54,130,5,16,106,-91,-170,-112,-163,4
46,62,75,28,6,1,130,-123,31,78,-97,-9,132,-96,-142,-91,-156,4
46,62,75,28,6,-7,95,-100,-1,88,-106,84,11,-147,-169,-102,-153,4
46,62,75,28,6,-15,98,-102,5,86,-119,56,147,-78,-158,-112,-149,4
46,62,75,28,6,-12,128,-95,-19,108,-93,14,240,-41,-151,-118,-147,4
46,62,75,28,6,12,70,-125,11,111,-145,361,163,-231,-135,-87,-142,4
46,62,75,28,6,1,95,-92,30,39,-120,9,109,-98,-145,-120,-160,4
46,62,75,28,6,-3,98,-89,24,60,-105,3,113,-91,-151,-112,-160,4
46,62,75,28,6,1,122,-83,11,33,-115,5,120,-86,-143,-106,-161,4
46,62,75,28,6,0,96,-82,-17,97,-126,76,236,-154,-148,-74,-136,4
46,62,75,28,6,-5,96,-105,0,86,-114,68,3,-138,-164,-103,-149,4
46,62,75,28,6,-22,125,-98,-12,104,-92,10,218,-89,-144,-119,-147,4
46,62,75,28,6,-15,104,-127,10,88,-131,14,112,-110,-136,-104,-154,4
46,62,75,28,6,-6,76,-100,-1,72,-121,8,109,-99,-168,-112,-157,4
46,62,75,28,6,-5,89,-89,26,39,-128,5,109,-97,-148,-120,-158,4
46,62,75,28,6,-11,128,-72,94,135,-134,2,119,-87,-142,-104,-157,4
46,62,75,28,6,-8,84,-93,1,87,-110,112,4,-124,-179,-100,-149,4
46,62,75,28,6,-12,106,-103,11,91,-107,52,115,-75,-150,-126,-153,4
46,62,75,28,6,-15,119,-95,-6,102,-103,57,162,-84,-148,-118,-148,4
46,62,75,28,6,-15,98,-132,39,111,-116,-94,127,-2,-144,-98,-138,4
46,62,75,28,6,4,95,-99,25,47,-115,11,111,-95,-169,-111,-166,4
46,62,75,28,6,5,89,-93,25,45,-114,7,109,-88,-157,-114,-160,4
46,62,75,28,6,4,130,-89,-8,88,-22,0,105,-95,-149,-106,-158,4
46,62,75,28,6,-10,70,-115,-55,92,-100,25,196,-105,-138,-68,-144,4
46,62,75,28,6,-9,76,-86,3,88,-111,105,1,-136,-187,-97,-151,4
46,62,75,28,6,-16,112,-94,-7,104,-110,54,152,-91,-147,-125,-149,4
46,62,75,28,6,-9,107,-126,69,99,-75,-142,154,74,-145,-91,-135,4
46,62,75,28,6,-4,97,-98,20,37,-129,16,111,-90,-166,-113,-161,4
46,62,75,28,6,2,93,-96,19,35,-131,8,109,-88,-161,-113,-162,4
46,62,75,28,6,13,134,-100,10,98,-53,1,109,-91,-150,-108,-156,4
46,62,75,28,6,-7,60,-104,-60,87,-118,15,215,-112,-121,-67,-166,4
46,62,75,28,6,-9,72,-86,-7,85,-121,97,4,-122,-178,-94,-170,4
46,62,75,28,6,-1,168,-130,-39,147,-90,-211,183,50,-145,-102,-146,4
46,62,75,28,6,-20,141,-130,13,146,-64,0,128,-50,-148,-52,-146,4
46,62,75,28,6,-23,126,-122,-9,107,-122,-6,97,-113,-167,-81,-137,4
46,62,75,28,6,-2,95,-102,18,37,-132,18,110,-97,-181,-104,-164,4
46,62,75,28,6,15,125,-156,66,15,-178,-3,147,-87,-177,-70,-160,4
46,62,75,28,6,4,84,-138,40,58,-166,-127,248,-102,-157,-96,-138,4
46,62,75,28,6,-9,91,-116,8,86,-117,107,70,-139,-164,-114,-126,4
46,62,75,28,6,-17,96,-95,-1,88,-117,17,58,-130,-169,-107,-160,4
46,62,75,28,6,-11,124,-87,-14,144,-80,-186,206,36,-158,-101,-146,4
46,62,75,28,6,3,77,-106,-13,67,-125,20,110,-105,-197,-93,-170,4
46,62,75,28,6,0,81,-94,6,51,-129,10,110,-101,-171,-107,-159,4
46,62,75,28,6,0,100,-97,26,93,-79,13,109,-100,-179,-105,-161,4
46,62,75,28,6,-9,149,-146,-35,117,-18,13,132,-82,-175,-76,-162,4
46,62,75,28,6,-4,98,-107,-9,84,-113,68,-4,-135,-163,-103,-174,4
46,62,75,28,6,-5,100,-108,-1,86,-114,38,126,-104,-182,-86,-133,4
46,62,75,28,6,-21,123,-99,-16,99,-113,-8,241,-64,-167,-91,-136,4
46,62,75,28,6,-4,87,-124,45,115,-94,325,154,-210,-163,-77,-162,4
46,62,75,28,6,-3,97,-101,32,35,-127,13,108,-92,-189,-100,-159,4
46,62,75,28,6,0,93,-92,30,37,-130,9,109,-92,-176,-105,-173,4
46,62,75,28,6,8,130,-97,-4,82,-81,4,116,-90,-176,-98,-173,4
46,62,75,28,6,-11,65,-120,-42,76,-135,19,209,-109,-160,-43,-150,4
46,62,75,28,6,-5,83,-94,-18,89,-123,98,3,-114,-194,-100,-169,4
46,62,75,28,6,-3,132,-83,-23,155,-83,-216,170,46,-161,-93,-148,4
46,62,75,28,6,-6,167,-155,-20,128,-76,26,82,-93,-149,-49,-156,4
46,62,75,28,6,-14,109,-102,-8,102,-127,18,113,-92,-162,-67,-145,4
46,62,75,28,6,-5,92,-100,25,46,-129,13,112,-101,-187,-92,-166,4
46,62,75,28,6,23,115,-96,-67,102,-13,8,111,-94,-173,-103,-164,4
46,62,75,28,6,-5,111,-128,5,89,-116,8,151,-184,-173,-113,-148,4
46,62,75,28,6,-13,80,-116,12,85,-107,58,9,-145,-170,-102,-168,4
46,62,75,28,6,-14,97,-99,-5,78,-119,31,55,-138,-155,-111,-163,4
46,62,75,28,6,0,172,-130,-38,143,-93,-204,184,45,-159,-97,-151,4
46,62,75,28,6,-5,79,-93,-2,50,-130,11,111,-106,-171,-86,-173,4
46,62,75,28,6,-5,85,-98,12,43,-126,5,108,-100,-179,-108,-170,4
46,62,75,28,6,2,108,-105,-23,123,-22,10,108,-95,-186,-113,-178,4
46,62,75,28,6,2,136,-135,-59,99,51,1,142,-89,-142,-68,-153,4
46,62,75,28,6,2,107,-140,-2,85,-113,17,188,-188,-164,-107,-151,4
46,62,75,28,6,-17,129,-98,-20,99,-120,-45,262,-17,-153,-108,-165,4
46,62,75,28,6,-18,127,-96,-18,105,-119,-26,136,-70,-164,-73,-154,4
46,62,75,28,6,5,74,-121,44,125,-102,-80,142,13,-152,-54,-158,4
46,62,75,28,6,-2,86,-99,-6,68,-116,32,109,-99,-168,-104,-169,4
46,62,75,28,6,8,92,-90,30,72,-96,8,108,-103,-176,-105,-169,4
46,62,75,28,6,-28,161,-105,-9,131,-168,7,117,-80,-163,-90,-167,4
46,62,75,28,6,-14,85,-86,-7,87,-124,107,-5,-126,-187,-86,-161,4
46,62,75,28,6,-9,100,-93,0,84,-118,49,112,-85,-155,-108,-165,4
46,62,75,28,6,-19,117,-88,-12,100,-106,35,192,-89,-146,-107,-167,4
46,62,75,28,6,-3,91,-150,53,137,-106,148,140,-161,-167,-78,-151,4
46,62,75,28,6,3,92,-92,30,36,-135,13,106,-99,-168,-97,-165,4
46,62,75,28,6,2,86,-85,33,43,-125,6,107,-94,-179,-106,-173,4
46,62,75,28,6,8,125,-85,33,75,-115,9,115,-91,-173,-103,-176,4
46,62,75,28,6,-9,86,-107,-25,96,-120,56,248,-127,-150,-55,-150,4
46,62,75,28,6,-4,90,-96,-4,81,-125,112,6,-106,-187,-79,-161,4
46,62,75,28,6,-16,122,-101,-13,107,-109,39,170,-86,-147,-105,-167,4
46,62,75,28,6,-17,118,-113,-4,106,-124,12,104,-107,-167,-92,-152,4
46,62,75,28,6,-3,98,-94,27,31,-129,17,105,-98,-175,-98,-165,4
46,62,75,28,6,13,125,-92,7,75,-79,-4,99,-102,-178,-100,-173,4
46,62,75,28,6,-15,72,-119,-51,76,-141,44,188,-111,-151,-58,-156,4
46,62,75,28,6,-7,88,-96,-14,94,-113,115,13,-117,-184,-97,-166,4
46,62,75,28,6,-15,109,-96,-10,94,-120,63,138,-71,-156,-96,-154,4
46,62,75,28,6,-19,132,-143,23,123,-77,-223,161,32,-159,-85,-154,4
46,62,75,28,6,-2,87,-95,16,46,-123,8,110,-97,-179,-92,-165,4
46,62,75,28,6,2,93,-94,25,42,-124,6,107,-92,-176,-105,-170,4
46,62,75,28,6,11,117,-97,-55,121,-15,8,105,-90,-176,-102,-169,4
46,62,75,28,6,-6,75,-128,2,77,-145,7,166,-81,-156,-74,-151,4
46,62,75,28,6,-11,79,-102,-8,84,-116,71,29,-158,-183,-105,-155,4
46,62,75,28,6,-15,123,-97,-11,122,-96,-210,216,30,-158,-100,-154,4
46,62,75,28,6,8,166,-136,-21,132,-87,-70,152,-23,-140,-59,-156,4
46,62,75,28,6,3,99,-118,2,110,-126,-26,140,-88,-158,-66,-150,4
46,62,75,28,6,-3,90,-98,11,49,-123,10,105,-104,-176,-89,-168,4
46,62,75,28,6,-15,165,-115,-30,135,-61,2,116,-86,-168,-80,-164,4
46,62,75,28,6,5,131,-119,28,75,-98,42,218,-127,-151,-57,-148,4
46,62,75,28,6,5,131,-98,0,82,-101,-22,187,-77,-158,-91,-152,4
46,62,75,28,6,-12,98,-96,7,86,-117,49,14,-149,-170,-91,-159,4
46,62,75,28,6,-12,123,-92,-25,102,-108,-26,259,7,-154,-109,-161,4
46,62,75,28,6,6,70,-111,-7,106,-137,-75,144,-15,-149,-57,-155,4
46,62,75,28,6,4,101,-95,36,49,-117,6,111,-105,-175,-100,-161,4
46,62,75,28,6,3,97,-97,34,60,-106,9,109,-93,-176,-101,-172,4
46,62,75,28,6,1,113,-93,3,75,-87,8,111,-90,-176,-96,-171,4
46,62,75,28,6,-7,77,-122,-40,89,-118,-6,162,-86,-150,-74,-160,4
46,62,75,28,6,2,105,-103,-1,88,-114,14,107,-95,-166,-92,-166,4
46,62,75,28,6,1,102,-107,-3,87,-110,13,109,-94,-169,-91,-164,4
46,62,75,28,6,-7,122,-99,-11,96,-122,7,147,-59,-178,-80,-152,4
46,62,75,28,6,-16,115,-110,-3,94,-121,127,23,-134,-159,-82,-154,4
46,62,75,28,6,-16,99,-98,-11,81,-116,76,54,-136,-156,-91,-155,4
46,62,75,28,6,-11,156,-156,20,115,-67,-177,167,-24,-170,-107,-154,4
46,62,75,28,6,-5,87,-100,26,49,-114,-11,89,-105,-176,-88,-168,4
46,62,75,28,6,1,95,-103,28,38,-118,-10,88,-107,-177,-104,-171,4
46,62,75,28,6,11,110,-92,-52,120,-2,-5,95,-98,-180,-101,-170,4
46,62,75,28,6,0,126,-114,-12,84,-119,-41,193,-102,-192,-106,-148,4
46,62,75,28,6,-8,102,-116,-1,81,-112,78,18,-127,-175,-93,-155,4
46,62,75,28,6,-15,98,-95,0,84,-109,24,50,-130,-180,-104,-156,4
46,62,75,28,6,-12,123,-93,-19,109,-101,-29,223,-19,-164,-104,-156,4
46,62,75,28,6,-7,111,-134,1,83,-122,23,103,-106,-180,-110,-160,4
46,62,75,28,6,3,84,-104,-10,67,-126,17,108,-97,-180,-91,-168,4
46,62,75,28,6,11,98,-90,35,48,-113,-4,113,-100,-171,-103,-169,4
46,62,75,28,6,-22,138,-67,142,112,-183,10,121,-81,-172,-89,-168,4
